ID,FirstName,LastName,School,Email,Gender,BirthDate
90176748,Janet,Gonzalez,School of Social Work,jgonzalez0@icio.us,Female,03/16/1976
05994606,Patrick,Diaz,School of Social Work,pdiaz1@devhub.com,Male,10/09/1930
33432295,Marilyn,Peterson,Carroll School of Management,mpeterson2@marriott.com,Female,11/03/1993
56208965,Martha,Peters,Lynch School of Education,mpeters3@yolasite.com,Female,02/10/1958
37597885,Joan,Lee,Carroll School of Management,jlee4@desdev.cn,Female,03/31/1946
58287935,Mark,Collins,Law School,mcollins5@gizmodo.com,Male,04/19/1948
85310447,Chris,Lawrence,School of Social Work,clawrence6@fastcompany.com,Male,01/03/1943
71839533,Douglas,Cook,Connell School of Nursing,dcook7@house.gov,Male,03/21/1943
91604404,Douglas,Alvarez,School of Social Work,dalvarez8@spiegel.de,Male,02/24/1955
73247899,Teresa,Gutierrez,School of Social Work,tgutierrez9@twitpic.com,Female,12/29/1954
58827790,Wanda,Webb,School of Social Work,wwebba@auda.org.au,Female,07/07/1931
04145059,Charles,Coleman,Connell School of Nursing,ccolemanb@columbia.edu,Male,01/17/2008
08032634,Johnny,Alexander,School of Theology & Ministry,jalexanderc@mozilla.org,Male,10/01/2013
21136326,Andrea,Ortiz,Woods College of Advancing Studies,aortizd@nyu.edu,Female,07/29/2004
57963123,Carolyn,Andrews,Carroll School of Management,candrewse@sitemeter.com,Female,03/20/1938
24258688,Annie,Burton,Lynch School of Education,aburtonf@dion.ne.jp,Female,10/13/1977
38744360,Phyllis,Wilson,Morrissey College of Arts & Sciences,pwilsong@guardian.co.uk,Female,01/06/2015
66151027,Margaret,Hughes,Carroll School of Management,mhughesh@twitter.com,Female,10/21/1930
13048874,Irene,Myers,Morrissey College of Arts & Sciences,imyersi@skyrock.com,Female,06/02/1933
19744064,Bonnie,Gray,Connell School of Nursing,bgrayj@soup.io,Female,10/22/1997
65182025,Laura,Mitchell,Connell School of Nursing,lmitchellk@gnu.org,Female,08/05/1976
69299929,Margaret,Harrison,Lynch School of Education,mharrisonl@springer.com,Female,02/24/2016
34650630,Russell,Diaz,Law School,rdiazm@pen.io,Male,12/24/1950
17241196,Jeffrey,Frazier,Lynch School of Education,jfraziern@mail.ru,Male,01/02/1943
85072439,Jeffrey,Gonzalez,Law School,jgonzalezo@google.com,Male,01/16/1970
56777842,Diane,Harris,Connell School of Nursing,dharrisp@lulu.com,Female,06/03/1994
63635236,Diana,Howard,School of Theology & Ministry,dhowardq@over-blog.com,Female,08/18/1946
70208827,Timothy,Rose,Woods College of Advancing Studies,troser@patch.com,Male,08/23/1980
29270121,Jessica,Welch,School of Social Work,jwelchs@shop-pro.jp,Female,12/08/2003
91020388,Carl,Wagner,Carroll School of Management,cwagnert@sbwire.com,Male,01/09/1995
72139497,Aaron,Ramos,Carroll School of Management,aramosu@tripadvisor.com,Male,09/25/1965
45234601,Keith,Jacobs,Law School,kjacobsv@aboutads.info,Male,08/29/2002
84121764,Raymond,Ryan,Lynch School of Education,rryanw@facebook.com,Male,10/11/1931
15519909,Ernest,Carter,Law School,ecarterx@google.ru,Male,07/25/1970
99294799,Mark,Howell,School of Theology & Ministry,mhowelly@sohu.com,Male,01/14/1952
15018117,Susan,Austin,Connell School of Nursing,saustinz@ted.com,Female,01/17/1968
33378034,Jeffrey,Ray,Carroll School of Management,jray10@sakura.ne.jp,Male,06/04/1950
95628691,Anna,Tucker,Woods College of Advancing Studies,atucker11@engadget.com,Female,11/05/1957
77138085,Gloria,Bishop,School of Social Work,gbishop12@storify.com,Female,12/23/1976
70800057,Melissa,Torres,Woods College of Advancing Studies,mtorres13@msu.edu,Female,07/27/2007
45756415,Ernest,Rivera,School of Social Work,erivera14@uiuc.edu,Male,10/24/1993
05113639,Paula,Richardson,Lynch School of Education,prichardson15@netscape.com,Female,02/13/1986
81071939,Stephanie,Burns,School of Social Work,sburns16@mapy.cz,Female,12/14/1980
85903403,Jacqueline,Stephens,School of Social Work,jstephens17@printfriendly.com,Female,09/03/1961
32041556,Marilyn,Burton,Woods College of Advancing Studies,mburton18@msu.edu,Female,08/27/2013
47464925,Kenneth,Rogers,Connell School of Nursing,krogers19@yale.edu,Male,06/26/1934
14040812,Phyllis,Perkins,Woods College of Advancing Studies,pperkins1a@spotify.com,Female,10/25/2011
27958963,Shawn,Alexander,Connell School of Nursing,salexander1b@dagondesign.com,Male,05/28/1963
75848509,Carolyn,Cruz,Woods College of Advancing Studies,ccruz1c@cornell.edu,Female,07/04/1933
66182908,Roger,Bailey,Lynch School of Education,rbailey1d@si.edu,Male,03/03/2006
98366349,Terry,Roberts,School of Social Work,troberts1e@surveymonkey.com,Male,09/13/1965
66672814,Rebecca,Crawford,Carroll School of Management,rcrawford1f@surveymonkey.com,Female,11/04/1988
78270060,Irene,Peters,Woods College of Advancing Studies,ipeters1g@umn.edu,Female,11/09/1998
39788725,Kimberly,Crawford,School of Social Work,kcrawford1h@1688.com,Female,02/25/1971
01534034,Sandra,Washington,Woods College of Advancing Studies,swashington1i@addthis.com,Female,08/27/1998
27288416,Arthur,Burton,School of Social Work,aburton1j@geocities.com,Male,10/07/1992
62934003,Kelly,Williamson,Law School,kwilliamson1k@oracle.com,Female,01/26/2007
62603398,Joan,Jackson,Morrissey College of Arts & Sciences,jjackson1l@ovh.net,Female,10/27/1989
41999797,Katherine,Grant,Woods College of Advancing Studies,kgrant1m@ibm.com,Female,12/10/2014
02770187,Adam,Lawrence,School of Theology & Ministry,alawrence1n@buzzfeed.com,Male,06/05/1990
59365700,Joshua,Lopez,Woods College of Advancing Studies,jlopez1o@freewebs.com,Male,04/15/2001
43404403,Denise,Flores,School of Social Work,dflores1p@youtube.com,Female,03/01/1999
60803652,Rebecca,Garrett,School of Social Work,rgarrett1q@omniture.com,Female,12/21/1937
33131895,Jonathan,Wheeler,Morrissey College of Arts & Sciences,jwheeler1r@clickbank.net,Male,02/03/1933
51010772,Linda,Stewart,Morrissey College of Arts & Sciences,lstewart1s@si.edu,Female,01/24/1951
96169009,Chris,Dean,School of Theology & Ministry,cdean1t@ehow.com,Male,07/03/2003
27389660,Susan,Williamson,Woods College of Advancing Studies,swilliamson1u@furl.net,Female,08/30/1973
65378312,Marie,Hamilton,Connell School of Nursing,mhamilton1v@examiner.com,Female,08/31/1971
22661682,Amy,West,Carroll School of Management,awest1w@seattletimes.com,Female,10/02/1943
87335305,Janet,Harper,Carroll School of Management,jharper1x@prlog.org,Female,02/18/1952
12368752,Billy,Murphy,Lynch School of Education,bmurphy1y@google.co.jp,Male,02/10/1992
48468159,Doris,George,Woods College of Advancing Studies,dgeorge1z@icq.com,Female,10/11/1976
19762053,Emily,Fuller,Lynch School of Education,efuller20@state.gov,Female,12/18/1981
33759588,Janet,Rice,Carroll School of Management,jrice21@sciencedirect.com,Female,06/29/2011
96438527,Jane,Long,School of Social Work,jlong22@vkontakte.ru,Female,09/07/1981
17691289,Diane,Patterson,Morrissey College of Arts & Sciences,dpatterson23@answers.com,Female,05/24/2005
06333755,Ann,Evans,Morrissey College of Arts & Sciences,aevans24@cbsnews.com,Female,01/04/1961
22466248,Carl,Ruiz,School of Theology & Ministry,cruiz25@blogtalkradio.com,Male,05/07/1966
60808882,Ernest,George,Connell School of Nursing,egeorge26@prnewswire.com,Male,11/06/2000
04967171,Karen,Gomez,School of Social Work,kgomez27@so-net.ne.jp,Female,04/01/2008
18856953,Anthony,Bailey,School of Social Work,abailey28@shop-pro.jp,Male,07/23/1999
00834060,Gary,Nguyen,Lynch School of Education,gnguyen29@furl.net,Male,05/03/1943
79379758,Fred,Jordan,Woods College of Advancing Studies,fjordan2a@live.com,Male,07/28/1932
63967778,Carolyn,Woods,School of Theology & Ministry,cwoods2b@theglobeandmail.com,Female,05/22/1981
36290816,Jeffrey,Young,Law School,jyoung2c@blinklist.com,Male,09/06/1976
19286529,Samuel,Murray,Carroll School of Management,smurray2d@state.gov,Male,02/14/2013
59746133,Charles,Little,Woods College of Advancing Studies,clittle2e@github.com,Male,12/01/1976
03418963,Eric,Little,Carroll School of Management,elittle2f@pen.io,Male,09/12/1997
59038990,Donna,Bishop,School of Social Work,dbishop2g@51.la,Female,03/21/1992
40059008,Jeffrey,Myers,School of Theology & Ministry,jmyers2h@csmonitor.com,Male,07/23/2003
85146722,Roger,Mason,School of Social Work,rmason2i@google.nl,Male,06/26/1959
09642004,Brian,Alexander,Carroll School of Management,balexander2j@dion.ne.jp,Male,11/11/1935
38988413,Henry,Gray,Woods College of Advancing Studies,hgray2k@guardian.co.uk,Male,12/22/1966
10397937,Kathy,Ford,School of Social Work,kford2l@instagram.com,Female,02/02/1957
96174216,Jennifer,Ellis,Connell School of Nursing,jellis2m@hugedomains.com,Female,06/27/1971
45872477,Frank,Moore,Connell School of Nursing,fmoore2n@techcrunch.com,Male,09/19/1969
19343456,Angela,Lane,Morrissey College of Arts & Sciences,alane2o@springer.com,Female,06/07/1950
85950172,Paula,Wilson,Law School,pwilson2p@loc.gov,Female,05/15/1949
99579991,Lisa,Arnold,Law School,larnold2q@fotki.com,Female,05/28/1941
74281326,Donald,Parker,Woods College of Advancing Studies,dparker2r@fc2.com,Male,10/20/1939
67369160,Gregory,Evans,School of Social Work,gevans2s@fda.gov,Male,08/02/1958
91708170,Irene,Johnston,Woods College of Advancing Studies,ijohnston2t@upenn.edu,Female,05/29/1991
38183024,Diana,Warren,Morrissey College of Arts & Sciences,dwarren2u@imageshack.us,Female,05/11/1960
32809110,Helen,Gray,Lynch School of Education,hgray2v@tripod.com,Female,02/13/1943
40213031,Alan,Cunningham,School of Theology & Ministry,acunningham2w@nationalgeographic.com,Male,10/04/1997
16766829,Willie,Frazier,Law School,wfrazier2x@ibm.com,Male,12/01/2007
02343407,James,Jackson,School of Social Work,jjackson2y@hugedomains.com,Male,08/22/1995
05449165,Douglas,Ross,Law School,dross2z@craigslist.org,Male,10/24/1930
62002385,Theresa,White,School of Social Work,twhite30@miibeian.gov.cn,Female,06/15/1940
14285018,Helen,Robertson,Connell School of Nursing,hrobertson31@gravatar.com,Female,11/04/1990
33883920,Howard,Riley,School of Theology & Ministry,hriley32@cpanel.net,Male,10/26/1983
61064291,Philip,Bowman,Connell School of Nursing,pbowman33@rediff.com,Male,05/27/1964
66404398,Douglas,Jenkins,Connell School of Nursing,djenkins34@163.com,Male,11/27/1987
30468947,Gerald,Powell,School of Theology & Ministry,gpowell35@google.de,Male,09/16/1964
76287256,Chris,Wagner,Lynch School of Education,cwagner36@walmart.com,Male,02/04/1996
08506098,Earl,Campbell,School of Social Work,ecampbell37@japanpost.jp,Male,11/08/1954
40227099,Nicholas,Reyes,School of Theology & Ministry,nreyes38@economist.com,Male,07/11/1949
24348014,Gloria,Campbell,Connell School of Nursing,gcampbell39@spotify.com,Female,07/06/2002
34905151,Willie,Webb,Carroll School of Management,wwebb3a@opera.com,Male,12/21/1979
74322997,Craig,Wheeler,School of Theology & Ministry,cwheeler3b@lycos.com,Male,08/25/1933
84197103,Sandra,Murray,Woods College of Advancing Studies,smurray3c@sakura.ne.jp,Female,10/24/2015
23661271,Carl,Burton,Woods College of Advancing Studies,cburton3d@marketwatch.com,Male,10/10/1954
77127910,Karen,Matthews,Connell School of Nursing,kmatthews3e@cisco.com,Female,04/19/1983
73116412,Anna,Black,Woods College of Advancing Studies,ablack3f@yellowbook.com,Female,04/23/1999
05125154,Christine,Walker,School of Social Work,cwalker3g@cocolog-nifty.com,Female,06/24/1944
63392444,Marilyn,Howell,Lynch School of Education,mhowell3h@themeforest.net,Female,06/03/1992
65667021,Rachel,Stevens,School of Theology & Ministry,rstevens3i@nsw.gov.au,Female,08/22/1976
70001528,Adam,Hall,Carroll School of Management,ahall3j@gravatar.com,Male,05/05/1977
60927579,Antonio,Austin,Woods College of Advancing Studies,aaustin3k@hibu.com,Male,11/01/1970
28564546,Annie,Moore,Morrissey College of Arts & Sciences,amoore3l@google.de,Female,09/23/1939
81994612,Martha,Hart,Connell School of Nursing,mhart3m@usnews.com,Female,08/13/1986
04531454,Cheryl,Hamilton,Morrissey College of Arts & Sciences,chamilton3n@webs.com,Female,06/16/1956
75970862,Jeffrey,Riley,Connell School of Nursing,jriley3o@cbsnews.com,Male,10/12/1988
03804959,Teresa,Meyer,Law School,tmeyer3p@github.io,Female,10/07/1982
84233892,Virginia,Reyes,School of Theology & Ministry,vreyes3q@fema.gov,Female,05/16/1970
93662854,Thomas,Harris,Connell School of Nursing,tharris3r@ca.gov,Male,10/18/2011
18446680,George,Stevens,School of Social Work,gstevens3s@cafepress.com,Male,09/29/1930
21517414,Daniel,Owens,Lynch School of Education,dowens3t@usatoday.com,Male,11/20/1930
92529874,Frances,Johnston,School of Social Work,fjohnston3u@smh.com.au,Female,04/15/1944
42613633,Maria,Parker,School of Theology & Ministry,mparker3v@plala.or.jp,Female,07/24/1938
35807323,Gregory,Myers,School of Theology & Ministry,gmyers3w@senate.gov,Male,08/29/1934
46197526,Gary,Sanders,School of Social Work,gsanders3x@army.mil,Male,02/25/1967
19671108,Joe,Richards,Law School,jrichards3y@newyorker.com,Male,09/01/1983
77312975,Angela,Sims,School of Theology & Ministry,asims3z@example.com,Female,02/26/1955
83626711,Betty,Simpson,School of Theology & Ministry,bsimpson40@gov.uk,Female,10/13/1964
52914977,Sara,Rice,Carroll School of Management,srice41@edublogs.org,Female,03/17/2014
84667041,Juan,Andrews,Connell School of Nursing,jandrews42@wiley.com,Male,10/19/1931
07906200,Larry,Fields,School of Theology & Ministry,lfields43@independent.co.uk,Male,11/06/1958
28660292,Alan,Robinson,Law School,arobinson44@goodreads.com,Male,05/18/1964
22031719,Ernest,Boyd,Lynch School of Education,eboyd45@mtv.com,Male,12/04/1987
81989545,Julie,Baker,Connell School of Nursing,jbaker46@uol.com.br,Female,09/06/1945
14712484,Lori,Martin,Morrissey College of Arts & Sciences,lmartin47@odnoklassniki.ru,Female,05/03/1932
96210488,Randy,Harvey,Law School,rharvey48@surveymonkey.com,Male,09/07/2008
20963117,Rose,Jackson,School of Social Work,rjackson49@so-net.ne.jp,Female,01/24/1944
57552720,Bruce,Lynch,Lynch School of Education,blynch4a@list-manage.com,Male,04/12/1934
38090694,Eric,Sims,Law School,esims4b@acquirethisname.com,Male,09/14/1997
55607998,Alan,Bishop,Connell School of Nursing,abishop4c@histats.com,Male,09/18/1954
83291981,Jacqueline,Riley,Law School,jriley4d@auda.org.au,Female,07/18/1975
36115222,Dennis,Kennedy,School of Theology & Ministry,dkennedy4e@hubpages.com,Male,11/16/1942
19078890,Sarah,Ferguson,School of Social Work,sferguson4f@narod.ru,Female,11/13/1989
18900356,Patrick,Armstrong,School of Social Work,parmstrong4g@deviantart.com,Male,11/10/2002
39169257,Ruby,Bennett,Law School,rbennett4h@wordpress.com,Female,08/05/2011
44688304,Betty,Stanley,Carroll School of Management,bstanley4i@wp.com,Female,05/06/1956
87361365,Phyllis,Lawson,Woods College of Advancing Studies,plawson4j@census.gov,Female,05/05/1968
79728966,Steve,Bishop,School of Social Work,sbishop4k@ibm.com,Male,06/23/1936
20003456,Martin,Hill,School of Theology & Ministry,mhill4l@nps.gov,Male,05/04/1939
54355994,Antonio,Diaz,Lynch School of Education,adiaz4m@tiny.cc,Male,11/14/1935
41221071,Chris,Walker,Connell School of Nursing,cwalker4n@bloglovin.com,Male,08/07/1998
59095285,Antonio,Hanson,Lynch School of Education,ahanson4o@tripod.com,Male,11/13/1979
32564481,Victor,Kim,Law School,vkim4p@chron.com,Male,09/08/1997
18134250,Jack,Johnson,School of Theology & Ministry,jjohnson4q@sina.com.cn,Male,12/04/1971
92653507,Bobby,Marshall,Lynch School of Education,bmarshall4r@auda.org.au,Male,07/19/1955
22082123,Nancy,Snyder,School of Social Work,nsnyder4s@princeton.edu,Female,02/01/1961
19423086,Katherine,Gomez,Woods College of Advancing Studies,kgomez4t@spotify.com,Female,07/17/1974
99067118,Kathy,Stewart,Lynch School of Education,kstewart4u@bigcartel.com,Female,04/25/2012
06581337,James,Lane,Law School,jlane4v@cpanel.net,Male,08/01/2007
82976958,Diane,Lawrence,School of Theology & Ministry,dlawrence4w@mysql.com,Female,11/22/1951
98146113,Katherine,Ferguson,Morrissey College of Arts & Sciences,kferguson4x@go.com,Female,05/09/2001
13465491,Amanda,Long,Carroll School of Management,along4y@rambler.ru,Female,06/08/1976
11870992,Tina,Carr,Carroll School of Management,tcarr4z@desdev.cn,Female,10/11/1999
56554586,Janet,Walker,School of Theology & Ministry,jwalker50@hubpages.com,Female,12/24/2010
26147776,Johnny,Weaver,Law School,jweaver51@miibeian.gov.cn,Male,12/20/1999
27062496,Harold,Reid,Carroll School of Management,hreid52@netlog.com,Male,09/11/1994
30930046,Christine,Daniels,Morrissey College of Arts & Sciences,cdaniels53@youku.com,Female,02/11/2004
82260767,Joe,Reyes,Connell School of Nursing,jreyes54@taobao.com,Male,11/19/1974
49773218,Johnny,Hernandez,Law School,jhernandez55@nbcnews.com,Male,05/04/1995
19380388,Antonio,Black,Connell School of Nursing,ablack56@alexa.com,Male,01/10/1990
69214804,Phyllis,Coleman,Carroll School of Management,pcoleman57@nih.gov,Female,11/17/2009
56280073,Debra,Hughes,School of Social Work,dhughes58@plala.or.jp,Female,06/22/1955
46483198,Teresa,Brooks,School of Theology & Ministry,tbrooks59@theatlantic.com,Female,08/13/1972
64704620,Nancy,Ramos,Law School,nramos5a@dmoz.org,Female,02/21/1970
18358985,William,Hudson,Carroll School of Management,whudson5b@si.edu,Male,05/20/1965
07584251,Kevin,Pierce,Carroll School of Management,kpierce5c@goodreads.com,Male,09/28/1934
11466462,Marie,Rose,Morrissey College of Arts & Sciences,mrose5d@whitehouse.gov,Female,07/02/1979
51800754,Rose,Henderson,Woods College of Advancing Studies,rhenderson5e@dailymail.co.uk,Female,02/04/1932
63880997,Tammy,Weaver,Morrissey College of Arts & Sciences,tweaver5f@tinyurl.com,Female,11/15/1932
73480723,Bonnie,Flores,School of Social Work,bflores5g@narod.ru,Female,11/28/1973
45362433,Jesse,Henderson,Law School,jhenderson5h@slideshare.net,Male,11/16/1997
18974615,Douglas,Lawson,Morrissey College of Arts & Sciences,dlawson5i@csmonitor.com,Male,09/06/1952
07055764,Joan,Wells,Law School,jwells5j@tiny.cc,Female,08/10/1999
57738260,Todd,Harrison,Morrissey College of Arts & Sciences,tharrison5k@google.com.hk,Male,01/02/1979
50017634,Barbara,Foster,School of Theology & Ministry,bfoster5l@people.com.cn,Female,03/14/2014
01457411,Dennis,Richardson,Morrissey College of Arts & Sciences,drichardson5m@gnu.org,Male,07/09/1947
61304434,Steve,Harrison,Connell School of Nursing,sharrison5n@buzzfeed.com,Male,06/29/1975
52478979,Jeremy,Romero,Morrissey College of Arts & Sciences,jromero5o@sina.com.cn,Male,06/23/2006
71038973,Steve,Thompson,Connell School of Nursing,sthompson5p@chronoengine.com,Male,03/27/1938
22399816,Brenda,Gardner,School of Social Work,bgardner5q@skyrock.com,Female,08/01/1937
96019700,Craig,Porter,Law School,cporter5r@so-net.ne.jp,Male,04/13/1954
58202188,Mildred,Hanson,Lynch School of Education,mhanson5s@wordpress.com,Female,10/10/1955
10190077,Jean,Wells,School of Theology & Ministry,jwells5t@mapy.cz,Female,01/08/1981
75932881,Stephanie,Garcia,Woods College of Advancing Studies,sgarcia5u@tripod.com,Female,09/27/1934
01750791,Alan,Ross,Woods College of Advancing Studies,aross5v@auda.org.au,Male,06/27/1940
10135617,Sara,Castillo,Connell School of Nursing,scastillo5w@rediff.com,Female,06/27/2011
62587938,Sandra,Brooks,School of Social Work,sbrooks5x@e-recht24.de,Female,06/18/1970
85078120,Rachel,West,Morrissey College of Arts & Sciences,rwest5y@techcrunch.com,Female,01/12/1973
55036538,Juan,Banks,Morrissey College of Arts & Sciences,jbanks5z@miitbeian.gov.cn,Male,10/26/1939
46526427,Anthony,Cook,Connell School of Nursing,acook60@alexa.com,Male,09/02/1947
74865594,Aaron,Hall,School of Theology & Ministry,ahall61@youtube.com,Male,11/17/1934
43665834,Nicholas,Barnes,Carroll School of Management,nbarnes62@ibm.com,Male,11/23/1970
44642981,Joseph,Ryan,Law School,jryan63@hubpages.com,Male,02/23/2007
08202862,Juan,Sullivan,School of Social Work,jsullivan64@adobe.com,Male,08/15/1994
10141122,Brian,Elliott,Law School,belliott65@woothemes.com,Male,07/24/1993
85763267,Virginia,Hudson,Woods College of Advancing Studies,vhudson66@reference.com,Female,02/03/1952
23881335,Rebecca,Perry,Law School,rperry67@slate.com,Female,06/14/2006
04463196,Angela,Simmons,Connell School of Nursing,asimmons68@dedecms.com,Female,07/31/2004
42619852,Jesse,Wilson,Woods College of Advancing Studies,jwilson69@mozilla.org,Male,07/27/2013
47872463,Andrea,Jordan,Lynch School of Education,ajordan6a@skyrock.com,Female,07/13/1944
15677203,Jennifer,Hughes,School of Social Work,jhughes6b@linkedin.com,Female,10/22/1934
09509565,Theresa,Hanson,Law School,thanson6c@home.pl,Female,01/11/1983
09346719,Jason,Woods,School of Social Work,jwoods6d@statcounter.com,Male,11/16/1983
05357889,Rose,Meyer,Lynch School of Education,rmeyer6e@gnu.org,Female,02/02/1977
68884321,Louise,Riley,School of Theology & Ministry,lriley6f@printfriendly.com,Female,02/21/2011
98430029,Joshua,Carr,Morrissey College of Arts & Sciences,jcarr6g@shutterfly.com,Male,06/24/1984
52834509,Frances,Howell,School of Theology & Ministry,fhowell6h@joomla.org,Female,02/12/1945
98012077,Peter,Burke,Connell School of Nursing,pburke6i@google.com,Male,09/28/1953
25236503,Susan,Cooper,Connell School of Nursing,scooper6j@gnu.org,Female,05/18/1935
73670011,Harold,Matthews,Carroll School of Management,hmatthews6k@myspace.com,Male,10/08/2001
49234001,Andrew,Howard,School of Social Work,ahoward6l@oracle.com,Male,07/09/1961
18989465,Pamela,Stewart,Carroll School of Management,pstewart6m@last.fm,Female,11/08/1979
01057139,Linda,Perez,Lynch School of Education,lperez6n@lycos.com,Female,01/11/2006
84234619,Larry,Tucker,School of Theology & Ministry,ltucker6o@soundcloud.com,Male,10/30/1963
30521995,Carlos,Brown,School of Theology & Ministry,cbrown6p@shareasale.com,Male,03/31/1979
59128636,Barbara,Greene,Connell School of Nursing,bgreene6q@slashdot.org,Female,11/06/1977
71815312,Rebecca,Sanchez,Morrissey College of Arts & Sciences,rsanchez6r@cam.ac.uk,Female,12/19/2007
62549535,Aaron,Brown,Morrissey College of Arts & Sciences,abrown6s@4shared.com,Male,04/28/1966
74207267,Paul,Boyd,Woods College of Advancing Studies,pboyd6t@cloudflare.com,Male,05/09/1953
44476091,Gloria,Woods,Morrissey College of Arts & Sciences,gwoods6u@cnn.com,Female,07/13/2004
60438333,Phillip,Alexander,Connell School of Nursing,palexander6v@pen.io,Male,03/13/1951
76531320,Robert,Riley,School of Social Work,rriley6w@loc.gov,Male,04/22/2004
91058824,Janet,Webb,Morrissey College of Arts & Sciences,jwebb6x@tmall.com,Female,10/24/1933
14804610,Randy,Harper,Carroll School of Management,rharper6y@is.gd,Male,02/05/1937
84302872,Jessica,Tucker,Law School,jtucker6z@census.gov,Female,01/09/2011
70734345,Deborah,Freeman,Connell School of Nursing,dfreeman70@phoca.cz,Female,06/03/2002
27831174,William,Scott,Morrissey College of Arts & Sciences,wscott71@csmonitor.com,Male,12/10/1988
47181399,Andrew,Flores,Lynch School of Education,aflores72@webnode.com,Male,10/20/1992
52601715,Christine,Carroll,Carroll School of Management,ccarroll73@kickstarter.com,Female,09/30/1977
43804179,Angela,Mason,School of Theology & Ministry,amason74@weebly.com,Female,09/20/1989
91465098,Gary,Williamson,Law School,gwilliamson75@yahoo.co.jp,Male,07/07/1967
61969849,Lori,Wood,School of Social Work,lwood76@mozilla.com,Female,11/17/2008
09272717,Benjamin,Taylor,Lynch School of Education,btaylor77@sourceforge.net,Male,07/18/1984
80966154,Steven,Simmons,Lynch School of Education,ssimmons78@pen.io,Male,04/24/2005
25874186,Jane,Arnold,Carroll School of Management,jarnold79@macromedia.com,Female,02/28/1969
72446410,Julie,Hill,School of Theology & Ministry,jhill7a@xinhuanet.com,Female,01/07/1986
01131494,Ruth,Ross,Woods College of Advancing Studies,rross7b@tinyurl.com,Female,06/10/2012
75994744,Lawrence,Ellis,School of Social Work,lellis7c@intel.com,Male,05/14/1985
13730144,Jack,Austin,Woods College of Advancing Studies,jaustin7d@nifty.com,Male,07/28/1991
94402092,Marie,Greene,School of Theology & Ministry,mgreene7e@mtv.com,Female,02/07/1946
47911095,Peter,Collins,School of Social Work,pcollins7f@patch.com,Male,10/09/1977
28965110,Joseph,Simpson,Carroll School of Management,jsimpson7g@youku.com,Male,11/19/1937
81408629,Katherine,Williamson,School of Social Work,kwilliamson7h@mashable.com,Female,11/22/1994
46981628,Alan,Matthews,School of Social Work,amatthews7i@tinypic.com,Male,06/23/1943
38071809,Jane,Russell,Connell School of Nursing,jrussell7j@youtube.com,Female,05/03/2002
23995738,Rebecca,Baker,School of Social Work,rbaker7k@github.io,Female,05/20/1981
75835648,Phyllis,Palmer,Lynch School of Education,ppalmer7l@mapy.cz,Female,11/15/1981
65082016,Julie,Ramos,Morrissey College of Arts & Sciences,jramos7m@reverbnation.com,Female,04/17/2016
89077408,Kathryn,Harvey,Woods College of Advancing Studies,kharvey7n@taobao.com,Female,04/19/1949
58015379,Harry,Reid,School of Social Work,hreid7o@economist.com,Male,03/27/1989
40774638,Victor,Hunter,Morrissey College of Arts & Sciences,vhunter7p@com.com,Male,08/15/1976
24845391,Jane,Diaz,Morrissey College of Arts & Sciences,jdiaz7q@google.com.hk,Female,12/28/1944
27948100,Charles,Welch,Connell School of Nursing,cwelch7r@wordpress.com,Male,10/20/1935
45606887,Ralph,Burke,School of Theology & Ministry,rburke7s@etsy.com,Male,06/23/1993
59699982,Shirley,Johnston,Morrissey College of Arts & Sciences,sjohnston7t@hubpages.com,Female,11/02/1941
53293539,Sharon,Jacobs,School of Social Work,sjacobs7u@storify.com,Female,02/25/2012
55225822,Samuel,Henderson,Law School,shenderson7v@jugem.jp,Male,06/08/1969
20522160,Roger,Ray,School of Theology & Ministry,rray7w@amazon.co.uk,Male,06/16/1969
76401253,Albert,Elliott,Morrissey College of Arts & Sciences,aelliott7x@facebook.com,Male,11/07/1970
01455781,Diane,Garcia,Lynch School of Education,dgarcia7y@businessweek.com,Female,03/07/1959
11628355,Tammy,Washington,Lynch School of Education,twashington7z@wordpress.com,Female,08/29/2001
05611124,Janice,Walker,Carroll School of Management,jwalker80@ning.com,Female,12/29/1938
26130009,Alice,Matthews,Woods College of Advancing Studies,amatthews81@bbb.org,Female,02/26/2011
65080794,Russell,Johnson,Morrissey College of Arts & Sciences,rjohnson82@diigo.com,Male,01/07/1937
62776982,Terry,Mendoza,Morrissey College of Arts & Sciences,tmendoza83@sciencedirect.com,Male,07/27/1983
21187296,Edward,Moreno,Carroll School of Management,emoreno84@tamu.edu,Male,08/22/1936
36494471,Matthew,Burke,Carroll School of Management,mburke85@wsj.com,Male,11/18/1950
15871567,Denise,Moore,Connell School of Nursing,dmoore86@twitter.com,Female,05/31/1982
64868223,Martin,Morris,Law School,mmorris87@4shared.com,Male,07/08/1940
48085922,Ashley,Garrett,School of Social Work,agarrett88@noaa.gov,Female,12/03/2007
80290083,Joseph,Smith,Woods College of Advancing Studies,jsmith89@jimdo.com,Male,12/03/1931
58478254,Clarence,Murray,Carroll School of Management,cmurray8a@instagram.com,Male,09/26/1963
75614922,Kenneth,Lewis,Law School,klewis8b@cdc.gov,Male,04/19/1978
60615514,Katherine,Morgan,School of Theology & Ministry,kmorgan8c@i2i.jp,Female,03/31/2010
93360326,Donna,Phillips,Law School,dphillips8d@oaic.gov.au,Female,12/28/1973
65059905,Cheryl,Hanson,Lynch School of Education,chanson8e@newsvine.com,Female,05/06/1977
29215420,Daniel,Adams,Woods College of Advancing Studies,dadams8f@youtu.be,Male,11/02/1996
91649221,Antonio,Bradley,Connell School of Nursing,abradley8g@desdev.cn,Male,08/25/1999
12790351,Maria,Peterson,School of Theology & Ministry,mpeterson8h@weather.com,Female,10/26/1950
65611731,Adam,Ortiz,School of Theology & Ministry,aortiz8i@canalblog.com,Male,10/30/1950
34404200,Judith,Adams,Connell School of Nursing,jadams8j@house.gov,Female,01/21/1997
51826350,Sean,Tucker,Connell School of Nursing,stucker8k@barnesandnoble.com,Male,03/29/1982
71131298,Jeffrey,Hunter,Law School,jhunter8l@bbb.org,Male,03/28/1976
56328049,Thomas,Palmer,School of Social Work,tpalmer8m@oaic.gov.au,Male,11/27/1981
21878723,Bobby,Andrews,Morrissey College of Arts & Sciences,bandrews8n@dailymail.co.uk,Male,05/18/2002
14572968,Rose,Daniels,Law School,rdaniels8o@telegraph.co.uk,Female,02/14/1957
73735933,Louis,Weaver,Morrissey College of Arts & Sciences,lweaver8p@springer.com,Male,12/30/2014
32874836,Wanda,Scott,School of Theology & Ministry,wscott8q@youtube.com,Female,07/21/1974
23727307,George,Henry,Carroll School of Management,ghenry8r@rambler.ru,Male,04/22/2015
56241359,Frances,Bennett,Morrissey College of Arts & Sciences,fbennett8s@chicagotribune.com,Female,04/08/2002
71953325,Shawn,Reynolds,School of Theology & Ministry,sreynolds8t@craigslist.org,Male,03/13/1961
73387384,Willie,Hughes,School of Theology & Ministry,whughes8u@cloudflare.com,Male,08/12/1985
98079804,Harold,Lewis,Carroll School of Management,hlewis8v@bloglines.com,Male,06/24/1977
17456944,Brenda,Carr,Lynch School of Education,bcarr8w@symantec.com,Female,04/23/1990
13593786,Eugene,Howell,Connell School of Nursing,ehowell8x@yellowpages.com,Male,09/23/2006
32010637,Annie,Knight,Morrissey College of Arts & Sciences,aknight8y@edublogs.org,Female,09/24/1974
29557870,Kelly,Gonzales,Morrissey College of Arts & Sciences,kgonzales8z@wikispaces.com,Female,06/06/1974
77158713,Anna,Mitchell,School of Theology & Ministry,amitchell90@edublogs.org,Female,11/28/1972
48197664,Peter,Morgan,Law School,pmorgan91@chron.com,Male,12/05/1982
14842719,Paula,Ross,Law School,pross92@altervista.org,Female,01/22/1979
53724503,Brian,Porter,Morrissey College of Arts & Sciences,bporter93@hp.com,Male,03/30/2002
70920855,Emily,Alexander,School of Social Work,ealexander94@statcounter.com,Female,09/21/1995
55904456,Anthony,Hawkins,Woods College of Advancing Studies,ahawkins95@marketwatch.com,Male,01/06/1988
37207315,Shawn,Lawrence,Carroll School of Management,slawrence96@myspace.com,Male,04/14/1931
42165566,Norma,Nichols,School of Theology & Ministry,nnichols97@instagram.com,Female,03/04/1981
81567539,Jack,James,School of Theology & Ministry,jjames98@diigo.com,Male,05/24/2012
11963982,Carlos,Hansen,School of Theology & Ministry,chansen99@list-manage.com,Male,11/30/1931
88201968,Edward,Hunter,Law School,ehunter9a@kickstarter.com,Male,05/28/1937
29811113,Craig,Patterson,School of Theology & Ministry,cpatterson9b@craigslist.org,Male,11/23/1986
42909466,Doris,Edwards,Connell School of Nursing,dedwards9c@youtu.be,Female,10/14/1995
62133733,Roger,Mason,Carroll School of Management,rmason9d@sfgate.com,Male,11/05/1996
09147753,Michelle,Brooks,School of Theology & Ministry,mbrooks9e@webs.com,Female,05/18/1993
71546372,Clarence,Burke,Law School,cburke9f@abc.net.au,Male,08/23/1939
38207140,Jack,Simmons,Morrissey College of Arts & Sciences,jsimmons9g@bravesites.com,Male,06/25/1952
95966423,Donna,Ray,School of Theology & Ministry,dray9h@yahoo.co.jp,Female,05/11/2005
73768297,Julie,Richardson,Morrissey College of Arts & Sciences,jrichardson9i@free.fr,Female,05/08/1955
69736951,Betty,Carr,School of Social Work,bcarr9j@deviantart.com,Female,02/07/1988
91870977,Ruby,Webb,Carroll School of Management,rwebb9k@nationalgeographic.com,Female,01/20/1949
19437755,Harold,Morris,Lynch School of Education,hmorris9l@home.pl,Male,12/30/1952
72228247,Elizabeth,Sims,School of Theology & Ministry,esims9m@oaic.gov.au,Female,02/13/1990
19265483,Jane,Perkins,School of Social Work,jperkins9n@ning.com,Female,04/21/1941
08364501,Philip,Fuller,School of Theology & Ministry,pfuller9o@indiatimes.com,Male,10/08/2002
71509605,Shawn,Fuller,Carroll School of Management,sfuller9p@shutterfly.com,Male,02/08/2001
70064598,Betty,Fox,Connell School of Nursing,bfox9q@nifty.com,Female,03/20/1996
44549225,Harry,Bradley,Morrissey College of Arts & Sciences,hbradley9r@mozilla.org,Male,03/12/1972
65728457,Julie,Stephens,Lynch School of Education,jstephens9s@stumbleupon.com,Female,08/13/1987
90326543,Sara,Hicks,Connell School of Nursing,shicks9t@csmonitor.com,Female,08/25/2000
66966728,Teresa,Miller,Carroll School of Management,tmiller9u@huffingtonpost.com,Female,01/26/1995
72360981,Carol,Hart,Connell School of Nursing,chart9v@harvard.edu,Female,05/30/1950
18898850,Janet,Black,Woods College of Advancing Studies,jblack9w@gizmodo.com,Female,11/28/1962
94372729,George,Rogers,School of Social Work,grogers9x@reuters.com,Male,12/31/1974
22593725,Margaret,Sims,School of Social Work,msims9y@apache.org,Female,05/21/1938
34449356,Juan,Woods,Woods College of Advancing Studies,jwoods9z@omniture.com,Male,01/23/2011
95809239,Carl,Gardner,Morrissey College of Arts & Sciences,cgardnera0@google.ru,Male,04/24/1961
01976280,Stephanie,Flores,Woods College of Advancing Studies,sfloresa1@reuters.com,Female,07/25/2009
91644954,Martin,Henry,Connell School of Nursing,mhenrya2@studiopress.com,Male,11/16/2011
94950315,Philip,Mendoza,Law School,pmendozaa3@weather.com,Male,09/17/2000
11860767,Cynthia,Carroll,Carroll School of Management,ccarrolla4@ted.com,Female,07/03/1984
79481529,Deborah,Moore,School of Social Work,dmoorea5@addtoany.com,Female,06/23/1989
12427437,Henry,Price,School of Social Work,hpricea6@tinypic.com,Male,08/02/1984
61876602,Ronald,Hamilton,Law School,rhamiltona7@java.com,Male,05/07/1975
34551986,Amy,Cunningham,School of Theology & Ministry,acunninghama8@sakura.ne.jp,Female,08/03/1940
45232657,Joan,Evans,Connell School of Nursing,jevansa9@marketwatch.com,Female,09/21/1993
16167831,Fred,Cox,Lynch School of Education,fcoxaa@pinterest.com,Male,06/01/1937
89518798,Jonathan,Lawson,Woods College of Advancing Studies,jlawsonab@topsy.com,Male,08/28/2012
14455200,Arthur,Torres,School of Theology & Ministry,atorresac@walmart.com,Male,12/21/1985
16692462,Patrick,Tucker,Morrissey College of Arts & Sciences,ptuckerad@state.gov,Male,05/21/1991
02960554,Susan,Kim,Law School,skimae@arstechnica.com,Female,08/05/1931
03669480,Kelly,Lane,School of Social Work,klaneaf@nymag.com,Female,06/07/1990
41992571,Irene,Marshall,Connell School of Nursing,imarshallag@friendfeed.com,Female,06/10/1966
68876401,Howard,Ferguson,School of Theology & Ministry,hfergusonah@istockphoto.com,Male,04/19/2002
93450564,Donald,Anderson,Morrissey College of Arts & Sciences,dandersonai@zimbio.com,Male,08/29/1967
17232691,William,Jenkins,Connell School of Nursing,wjenkinsaj@oakley.com,Male,10/15/2011
56247306,Lois,Bennett,Lynch School of Education,lbennettak@tuttocitta.it,Female,08/16/1973
29341946,Carolyn,Elliott,Lynch School of Education,celliottal@google.com,Female,10/12/1964
32765989,Amanda,Bishop,Carroll School of Management,abishopam@joomla.org,Female,06/09/1931
12246422,Earl,Gray,School of Theology & Ministry,egrayan@godaddy.com,Male,10/05/1945
84362153,Jerry,Powell,Connell School of Nursing,jpowellao@cargocollective.com,Male,05/20/1968
34019690,Edward,Torres,Carroll School of Management,etorresap@china.com.cn,Male,11/30/2004
83120645,Julie,Thomas,Law School,jthomasaq@marketwatch.com,Female,12/11/1991
35877159,Jacqueline,Bowman,School of Social Work,jbowmanar@home.pl,Female,05/03/1992
45431925,Deborah,Castillo,Law School,dcastilloas@youtube.com,Female,02/16/1985
89368407,Philip,Shaw,Carroll School of Management,pshawat@cloudflare.com,Male,10/09/1951
97116523,Donald,Hicks,Law School,dhicksau@delicious.com,Male,02/17/1978
39473801,Keith,Wheeler,Lynch School of Education,kwheelerav@google.com.br,Male,01/04/1989
98317736,Cheryl,Mitchell,Lynch School of Education,cmitchellaw@ft.com,Female,10/13/1975
88833147,Dorothy,Ortiz,Lynch School of Education,dortizax@homestead.com,Female,09/09/1934
02713537,Betty,Thomas,Carroll School of Management,bthomasay@com.com,Female,05/03/1944
46435595,Kathryn,Hawkins,School of Social Work,khawkinsaz@hc360.com,Female,08/17/1961
50703885,Sean,Kelley,Lynch School of Education,skelleyb0@harvard.edu,Male,05/21/1951
41154449,Carol,Williams,Connell School of Nursing,cwilliamsb1@nhs.uk,Female,04/02/2013
84232294,Kenneth,Richardson,Connell School of Nursing,krichardsonb2@hud.gov,Male,01/20/2005
62760132,Frank,Sanchez,Lynch School of Education,fsanchezb3@slate.com,Male,03/11/1967
22808268,Amanda,Morales,Connell School of Nursing,amoralesb4@nifty.com,Female,02/28/1988
36747696,Adam,Spencer,Carroll School of Management,aspencerb5@drupal.org,Male,12/04/1949
15678671,Ernest,Parker,Connell School of Nursing,eparkerb6@netvibes.com,Male,07/04/1977
75808293,George,Lewis,School of Social Work,glewisb7@un.org,Male,09/22/1947
31870957,Harry,Mendoza,Lynch School of Education,hmendozab8@google.com.au,Male,08/06/1994
92526769,Howard,Ramos,Lynch School of Education,hramosb9@rambler.ru,Male,02/22/1963
10695590,Willie,Andrews,Morrissey College of Arts & Sciences,wandrewsba@unblog.fr,Male,01/02/1937
25980660,Paula,Hill,Law School,phillbb@miibeian.gov.cn,Female,03/11/2008
39602040,Patrick,Lynch,School of Theology & Ministry,plynchbc@wikia.com,Male,06/20/1988
08972577,Andrew,Hart,School of Theology & Ministry,ahartbd@jugem.jp,Male,05/10/1936
40818574,Eric,Medina,Law School,emedinabe@123-reg.co.uk,Male,10/27/1939
11313504,Steve,Thompson,School of Social Work,sthompsonbf@storify.com,Male,12/14/1945
27146611,John,Butler,School of Theology & Ministry,jbutlerbg@slideshare.net,Male,12/13/1963
10713190,Jessica,White,School of Social Work,jwhitebh@sakura.ne.jp,Female,07/16/1960
37804357,Roy,Nichols,Morrissey College of Arts & Sciences,rnicholsbi@deliciousdays.com,Male,06/29/1953
36866396,Angela,Greene,Law School,agreenebj@fema.gov,Female,06/22/2015
31742009,Jacqueline,Rice,School of Social Work,jricebk@admin.ch,Female,05/25/2000
14682313,Walter,Ryan,Connell School of Nursing,wryanbl@cafepress.com,Male,04/27/1940
22859857,Larry,Richards,School of Social Work,lrichardsbm@taobao.com,Male,12/08/1999
05507500,Julie,Stone,Connell School of Nursing,jstonebn@paypal.com,Female,08/04/1957
77212692,Cheryl,Thompson,School of Social Work,cthompsonbo@miibeian.gov.cn,Female,04/15/2007
89760399,Paul,Robinson,Lynch School of Education,probinsonbp@guardian.co.uk,Male,08/14/2007
49004944,Harold,Simpson,Woods College of Advancing Studies,hsimpsonbq@yelp.com,Male,12/25/1943
95785354,Jane,Riley,School of Social Work,jrileybr@ca.gov,Female,07/02/1936
70603505,Susan,Chavez,Carroll School of Management,schavezbs@imgur.com,Female,02/17/1985
79602657,Margaret,Lewis,Carroll School of Management,mlewisbt@intel.com,Female,01/01/1950
25026557,Adam,Cooper,Carroll School of Management,acooperbu@addtoany.com,Male,05/13/1968
89994762,Daniel,Perez,School of Social Work,dperezbv@shareasale.com,Male,08/19/1985
37282687,Chris,Reyes,Woods College of Advancing Studies,creyesbw@livejournal.com,Male,04/18/1955
65236192,Phyllis,Andrews,Morrissey College of Arts & Sciences,pandrewsbx@google.fr,Female,11/02/2014
11766474,Emily,Bowman,Morrissey College of Arts & Sciences,ebowmanby@google.es,Female,09/05/1967
15773344,Brian,Thompson,Connell School of Nursing,bthompsonbz@blogtalkradio.com,Male,04/10/1999
01540903,Carolyn,Hawkins,Law School,chawkinsc0@shinystat.com,Female,03/04/1954
02163985,Cynthia,Washington,Carroll School of Management,cwashingtonc1@dailymail.co.uk,Female,11/25/2001
50100198,Jessica,Johnston,Woods College of Advancing Studies,jjohnstonc2@sogou.com,Female,02/03/1975
61359535,Joseph,Hicks,School of Theology & Ministry,jhicksc3@ucoz.ru,Male,11/21/1988
39951973,Billy,Stevens,Woods College of Advancing Studies,bstevensc4@miibeian.gov.cn,Male,02/04/1935
33775721,Anthony,Williamson,School of Social Work,awilliamsonc5@blogtalkradio.com,Male,09/21/1991
94585671,Dennis,Lawrence,School of Theology & Ministry,dlawrencec6@auda.org.au,Male,11/30/2014
01076265,Janet,Stephens,School of Theology & Ministry,jstephensc7@wufoo.com,Female,10/15/1985
33008083,Gerald,Woods,Lynch School of Education,gwoodsc8@mlb.com,Male,11/29/1984
04655786,Louis,Williams,School of Social Work,lwilliamsc9@imdb.com,Male,10/06/1948
58966689,Wayne,Wells,Carroll School of Management,wwellsca@rambler.ru,Male,11/29/1994
40713168,Stephanie,James,Morrissey College of Arts & Sciences,sjamescb@bizjournals.com,Female,04/05/1993
59654129,Teresa,Jenkins,School of Social Work,tjenkinscc@ocn.ne.jp,Female,08/09/1948
93081948,Janet,Allen,Law School,jallencd@1und1.de,Female,10/16/1990
84859919,Irene,Thompson,School of Theology & Ministry,ithompsonce@paginegialle.it,Female,01/31/2006
69714190,Jose,Murray,School of Social Work,jmurraycf@who.int,Male,01/25/1941
37627668,George,Chavez,Law School,gchavezcg@livejournal.com,Male,07/17/1982
89354308,Jack,Stanley,Lynch School of Education,jstanleych@newyorker.com,Male,03/16/1989
71476500,Diana,Williams,Lynch School of Education,dwilliamsci@is.gd,Female,05/29/1995
19143399,Irene,Arnold,School of Theology & Ministry,iarnoldcj@printfriendly.com,Female,02/06/1944
34896630,Susan,Riley,Connell School of Nursing,srileyck@noaa.gov,Female,01/29/1942
06741542,Philip,Peterson,Law School,ppetersoncl@howstuffworks.com,Male,09/23/1968
08620539,Carlos,Hunter,Connell School of Nursing,chuntercm@economist.com,Male,04/25/1960
17673343,Nancy,Foster,School of Theology & Ministry,nfostercn@moonfruit.com,Female,11/04/1935
26377461,Kathleen,Chapman,Law School,kchapmanco@gmpg.org,Female,05/23/1937
76814514,Richard,Harris,Lynch School of Education,rharriscp@mtv.com,Male,10/04/2014
84707314,Jerry,Smith,Morrissey College of Arts & Sciences,jsmithcq@wp.com,Male,04/25/1986
65697361,Lawrence,Webb,School of Theology & Ministry,lwebbcr@smugmug.com,Male,02/04/1969
43656182,Phillip,Burns,School of Theology & Ministry,pburnscs@clickbank.net,Male,03/03/1952
71999631,Michael,Sims,Carroll School of Management,msimsct@cargocollective.com,Male,09/24/1981
78648926,Mildred,Cooper,Lynch School of Education,mcoopercu@umn.edu,Female,12/22/1961
79032709,Samuel,Castillo,Lynch School of Education,scastillocv@cisco.com,Male,07/26/1986
81102139,Alice,Reyes,School of Theology & Ministry,areyescw@rambler.ru,Female,06/11/1944
99801924,Kathleen,Stone,Carroll School of Management,kstonecx@imgur.com,Female,02/06/1968
44715921,Lois,George,Law School,lgeorgecy@1688.com,Female,01/22/1939
03564147,Russell,Smith,Morrissey College of Arts & Sciences,rsmithcz@amazonaws.com,Male,07/27/1935
23932507,Lawrence,Williamson,Carroll School of Management,lwilliamsond0@globo.com,Male,03/10/2011
11782146,Tina,Phillips,Carroll School of Management,tphillipsd1@shareasale.com,Female,09/30/1957
72702719,Jerry,Simpson,Carroll School of Management,jsimpsond2@elegantthemes.com,Male,03/15/2001
36030936,Frank,Harper,Law School,fharperd3@i2i.jp,Male,12/08/2011
24256966,Bonnie,Howell,School of Social Work,bhowelld4@telegraph.co.uk,Female,12/06/1967
03703449,Gerald,Russell,Lynch School of Education,grusselld5@npr.org,Male,04/26/1998
14503860,Arthur,Cooper,Morrissey College of Arts & Sciences,acooperd6@prweb.com,Male,05/09/1990
00765839,Frank,Daniels,Law School,fdanielsd7@comcast.net,Male,08/06/1983
11772341,Nancy,Lewis,Law School,nlewisd8@ustream.tv,Female,09/07/1958
58062517,Ruth,Stevens,Connell School of Nursing,rstevensd9@linkedin.com,Female,11/24/1975
36465047,Harold,Mcdonald,School of Theology & Ministry,hmcdonaldda@sun.com,Male,03/18/1953
49480042,Norma,Knight,Connell School of Nursing,nknightdb@vimeo.com,Female,11/07/2004
46893729,Kelly,Pierce,School of Theology & Ministry,kpiercedc@sfgate.com,Female,04/07/1971
39865968,Billy,Ward,School of Theology & Ministry,bwarddd@youku.com,Male,11/20/1947
23982859,Eric,Taylor,Law School,etaylorde@amazon.co.jp,Male,06/01/1971
50212060,Andrew,Washington,Law School,awashingtondf@mapquest.com,Male,08/31/1972
67769757,Louise,Hamilton,Lynch School of Education,lhamiltondg@ehow.com,Female,05/20/1974
13183683,Joe,Green,Carroll School of Management,jgreendh@sina.com.cn,Male,06/23/1995
14774242,Anthony,Howard,School of Social Work,ahowarddi@qq.com,Male,11/19/1947
85927987,Antonio,Weaver,School of Social Work,aweaverdj@timesonline.co.uk,Male,07/27/1989
66622158,Mildred,Gardner,School of Theology & Ministry,mgardnerdk@devhub.com,Female,02/05/1937
90468933,Linda,Powell,Lynch School of Education,lpowelldl@cargocollective.com,Female,10/10/1939
89107684,Joshua,Morris,Connell School of Nursing,jmorrisdm@eventbrite.com,Male,07/26/1976
18710047,Anthony,Long,Law School,alongdn@prnewswire.com,Male,11/30/1943
27629658,Carlos,Barnes,Lynch School of Education,cbarnesdo@wordpress.com,Male,02/06/1990
54049002,Phyllis,Burns,Woods College of Advancing Studies,pburnsdp@harvard.edu,Female,03/10/1963
44965853,Justin,Warren,School of Social Work,jwarrendq@mapy.cz,Male,06/20/1988
81906108,Keith,Hudson,Carroll School of Management,khudsondr@tinyurl.com,Male,05/03/1938
29065137,Randy,Alvarez,Law School,ralvarezds@china.com.cn,Male,07/11/1930
34374674,Donna,Stanley,Law School,dstanleydt@soundcloud.com,Female,02/12/1937
95366707,Juan,Marshall,Woods College of Advancing Studies,jmarshalldu@cisco.com,Male,09/13/1990
22155541,Kenneth,Watson,Morrissey College of Arts & Sciences,kwatsondv@fastcompany.com,Male,08/25/1980
34107257,Paul,Carpenter,Connell School of Nursing,pcarpenterdw@disqus.com,Male,06/18/1948
39635501,Nicole,Carr,Carroll School of Management,ncarrdx@jigsy.com,Female,12/24/1982
69583009,Janet,Sullivan,Lynch School of Education,jsullivandy@amazon.co.jp,Female,05/19/1992
42289222,Theresa,Gilbert,Connell School of Nursing,tgilbertdz@webeden.co.uk,Female,06/15/1987
96136584,Eric,Thomas,Morrissey College of Arts & Sciences,ethomase0@kickstarter.com,Male,09/16/2009
64667726,Benjamin,Black,Lynch School of Education,bblacke1@reuters.com,Male,09/28/1960
60958360,Cheryl,Hansen,Law School,chansene2@usda.gov,Female,07/09/1990
36681591,Martin,Fuller,Woods College of Advancing Studies,mfullere3@blogs.com,Male,03/30/1964
62695916,Lisa,Lynch,Morrissey College of Arts & Sciences,llynche4@vistaprint.com,Female,05/28/1944
84786418,Robert,Kennedy,School of Social Work,rkennedye5@unblog.fr,Male,07/01/1946
63950854,Janice,Rose,Woods College of Advancing Studies,jrosee6@rediff.com,Female,06/23/1971
98756819,Edward,Carter,Carroll School of Management,ecartere7@wordpress.org,Male,06/17/2014
32202110,Gloria,White,Connell School of Nursing,gwhitee8@arizona.edu,Female,04/28/1994
52476367,Elizabeth,Lewis,School of Theology & Ministry,elewise9@goo.ne.jp,Female,08/22/1976
35272948,Terry,Gray,Carroll School of Management,tgrayea@feedburner.com,Male,09/29/1944
63791467,Keith,Robertson,Law School,krobertsoneb@si.edu,Male,05/12/1932
75015124,Lori,Richards,School of Social Work,lrichardsec@51.la,Female,02/02/1943
09051857,Amanda,Ortiz,Woods College of Advancing Studies,aortized@geocities.com,Female,03/05/1931
87743321,Adam,Sims,School of Theology & Ministry,asimsee@soup.io,Male,04/01/2013
88445941,Frances,Wright,Woods College of Advancing Studies,fwrightef@hatena.ne.jp,Female,03/07/1933
07086894,Janice,Lane,Carroll School of Management,jlaneeg@hexun.com,Female,02/26/2015
61435629,Wanda,Brooks,Woods College of Advancing Studies,wbrookseh@msu.edu,Female,03/29/1997
00802757,Thomas,Pierce,Carroll School of Management,tpierceei@wunderground.com,Male,08/19/1932
77092157,John,Martin,School of Social Work,jmartinej@w3.org,Male,10/29/1955
13209335,Lawrence,Evans,Woods College of Advancing Studies,levansek@blinklist.com,Male,06/21/1949
41665630,Jane,Bowman,Morrissey College of Arts & Sciences,jbowmanel@sohu.com,Female,04/14/1957
64403766,Matthew,Patterson,Connell School of Nursing,mpattersonem@independent.co.uk,Male,04/18/1994
24801657,Alan,Lawson,Law School,alawsonen@cbsnews.com,Male,08/18/1991
97458634,Adam,Gonzalez,Carroll School of Management,agonzalezeo@php.net,Male,05/31/1994
36833502,Jeffrey,Stanley,Carroll School of Management,jstanleyep@ucoz.ru,Male,02/17/1941
83307524,Douglas,Henderson,Woods College of Advancing Studies,dhendersoneq@nydailynews.com,Male,05/29/1996
22556068,Maria,Gutierrez,Woods College of Advancing Studies,mgutierrezer@mediafire.com,Female,09/30/1938
16991051,Carl,Sims,Woods College of Advancing Studies,csimses@tumblr.com,Male,06/30/1969
78568062,Philip,Webb,Morrissey College of Arts & Sciences,pwebbet@google.de,Male,02/09/1990
83134952,Kelly,Coleman,Woods College of Advancing Studies,kcolemaneu@addtoany.com,Female,08/04/1937
31900386,Martin,Martin,School of Social Work,mmartinev@mac.com,Male,06/17/1959
66235783,Elizabeth,Fields,Lynch School of Education,efieldsew@marketwatch.com,Female,02/11/2002
66585724,Lori,Olson,Woods College of Advancing Studies,lolsonex@comsenz.com,Female,01/30/1934
02027946,Helen,Bryant,Law School,hbryantey@thetimes.co.uk,Female,05/20/1986
13435358,Teresa,Adams,School of Theology & Ministry,tadamsez@fastcompany.com,Female,12/02/1981
12184958,Mildred,Harrison,Connell School of Nursing,mharrisonf0@home.pl,Female,01/20/1998
64614302,Lawrence,Ramos,School of Theology & Ministry,lramosf1@netscape.com,Male,12/09/1937
80096292,Diana,Ruiz,Law School,druizf2@nifty.com,Female,02/04/2013
33603168,Lawrence,Walker,Woods College of Advancing Studies,lwalkerf3@netvibes.com,Male,11/18/1989
40394963,Carol,Hicks,School of Social Work,chicksf4@privacy.gov.au,Female,03/09/1945
07555340,Mildred,Stone,School of Theology & Ministry,mstonef5@scribd.com,Female,03/19/1935
97910291,Billy,Fowler,Lynch School of Education,bfowlerf6@tripadvisor.com,Male,11/12/1940
62996042,David,Dunn,Law School,ddunnf7@prweb.com,Male,12/27/1998
55517909,Kathy,Stephens,School of Theology & Ministry,kstephensf8@senate.gov,Female,09/16/1959
90004032,Tina,Wright,Lynch School of Education,twrightf9@msu.edu,Female,08/03/1940
37876063,Russell,Wheeler,Law School,rwheelerfa@artisteer.com,Male,09/10/1947
74277154,Norma,Rogers,Law School,nrogersfb@youtu.be,Female,02/15/2015
29877846,Victor,Bailey,Law School,vbaileyfc@go.com,Male,01/03/2000
66054270,Katherine,Berry,School of Social Work,kberryfd@illinois.edu,Female,10/11/2006
01420912,Chris,Ruiz,Morrissey College of Arts & Sciences,cruizfe@pagesperso-orange.fr,Male,11/12/1992
79391046,Carolyn,Gomez,Woods College of Advancing Studies,cgomezff@php.net,Female,05/17/1957
35883693,Brandon,Bradley,School of Social Work,bbradleyfg@tinyurl.com,Male,01/07/1931
06212526,Randy,Mills,School of Social Work,rmillsfh@webmd.com,Male,03/26/1988
15909596,Anthony,Adams,School of Theology & Ministry,aadamsfi@constantcontact.com,Male,02/15/1950
04759374,Evelyn,Phillips,Connell School of Nursing,ephillipsfj@omniture.com,Female,10/15/1976
50477135,Betty,Ray,Connell School of Nursing,brayfk@census.gov,Female,07/19/1932
23009214,Denise,Mills,Woods College of Advancing Studies,dmillsfl@blogs.com,Female,05/31/1947
24373091,Sean,Banks,Lynch School of Education,sbanksfm@cornell.edu,Male,10/11/1963
25186103,Sandra,Stevens,Lynch School of Education,sstevensfn@ebay.co.uk,Female,03/19/1968
90845100,Benjamin,Myers,Lynch School of Education,bmyersfo@hao123.com,Male,03/06/1969
55761478,Carl,Franklin,Connell School of Nursing,cfranklinfp@hc360.com,Male,06/02/1993
35595132,Ruby,Perez,Law School,rperezfq@deliciousdays.com,Female,05/11/1972
87577113,Carol,Mccoy,Law School,cmccoyfr@mit.edu,Female,02/12/2010
40135219,Annie,Chavez,Law School,achavezfs@abc.net.au,Female,11/11/1986
51071726,Catherine,George,Morrissey College of Arts & Sciences,cgeorgeft@exblog.jp,Female,03/25/1975
15879545,Jack,Black,Woods College of Advancing Studies,jblackfu@google.nl,Male,07/18/1966
19608007,Kevin,Rose,Lynch School of Education,krosefv@paginegialle.it,Male,02/01/1996
55563656,Nicholas,Cox,Morrissey College of Arts & Sciences,ncoxfw@cbslocal.com,Male,03/02/1943
58073688,Sean,Black,Carroll School of Management,sblackfx@a8.net,Male,10/06/1970
26093996,Teresa,Palmer,Morrissey College of Arts & Sciences,tpalmerfy@dailymail.co.uk,Female,01/25/1965
61148152,Steve,Reid,Morrissey College of Arts & Sciences,sreidfz@go.com,Male,05/27/1942
40991072,Rose,Cox,Law School,rcoxg0@lycos.com,Female,10/20/1962
94293505,Michelle,Gonzalez,Lynch School of Education,mgonzalezg1@last.fm,Female,10/25/2001
71309142,Chris,Payne,Morrissey College of Arts & Sciences,cpayneg2@typepad.com,Male,02/23/1971
06117261,Rose,Fuller,Morrissey College of Arts & Sciences,rfullerg3@va.gov,Female,05/12/1931
72285583,Theresa,Bell,Woods College of Advancing Studies,tbellg4@bbb.org,Female,09/16/2008
09328288,Diana,Ward,Woods College of Advancing Studies,dwardg5@canalblog.com,Female,11/29/1983
10357049,Sarah,Alvarez,Woods College of Advancing Studies,salvarezg6@ustream.tv,Female,07/24/1994
14379877,Diana,Banks,Morrissey College of Arts & Sciences,dbanksg7@smugmug.com,Female,10/09/1955
80839123,Brandon,Meyer,Morrissey College of Arts & Sciences,bmeyerg8@sogou.com,Male,05/11/1966
84276894,Deborah,Ortiz,Lynch School of Education,dortizg9@foxnews.com,Female,10/13/2007
53999581,Deborah,Chapman,Lynch School of Education,dchapmanga@google.com,Female,10/26/1992
16804761,Jane,Cunningham,Morrissey College of Arts & Sciences,jcunninghamgb@yelp.com,Female,11/20/1950
84878422,Donna,Clark,Connell School of Nursing,dclarkgc@time.com,Female,11/11/1990
63588936,David,Murphy,Law School,dmurphygd@istockphoto.com,Male,08/04/2000
60319483,Michelle,Spencer,Woods College of Advancing Studies,mspencerge@biblegateway.com,Female,07/19/1975
85786401,Jack,Martinez,Woods College of Advancing Studies,jmartinezgf@who.int,Male,05/19/2010
42185236,Bobby,Richards,Morrissey College of Arts & Sciences,brichardsgg@nyu.edu,Male,01/18/1938
32228765,Jacqueline,Mcdonald,Lynch School of Education,jmcdonaldgh@xinhuanet.com,Female,07/15/1984
28985742,Anthony,Andrews,School of Social Work,aandrewsgi@icio.us,Male,08/20/1980
47385831,Walter,Freeman,Woods College of Advancing Studies,wfreemangj@i2i.jp,Male,12/04/2015
08865245,Anthony,Porter,Carroll School of Management,aportergk@patch.com,Male,01/22/2003
78487976,Matthew,Hawkins,Morrissey College of Arts & Sciences,mhawkinsgl@yolasite.com,Male,01/19/1990
44749148,Donna,George,Connell School of Nursing,dgeorgegm@google.pl,Female,07/13/1932
74590406,Donald,Bennett,Lynch School of Education,dbennettgn@flavors.me,Male,12/24/1992
00257791,Tina,Evans,Lynch School of Education,tevansgo@pbs.org,Female,05/14/1992
59130406,Deborah,Wells,Connell School of Nursing,dwellsgp@cbsnews.com,Female,04/10/1932
95651558,Edward,Lee,School of Social Work,eleegq@github.com,Male,05/10/1998
20304337,Alice,Torres,School of Social Work,atorresgr@redcross.org,Female,12/04/1930
20795412,Stephen,Matthews,School of Theology & Ministry,smatthewsgs@wufoo.com,Male,07/03/2010
68661130,Mildred,Collins,Morrissey College of Arts & Sciences,mcollinsgt@comcast.net,Female,02/23/1980
20412908,Jeffrey,Thomas,Carroll School of Management,jthomasgu@mlb.com,Male,04/30/2001
77132814,Frank,Sims,School of Theology & Ministry,fsimsgv@feedburner.com,Male,07/02/1997
64754966,Helen,Anderson,Lynch School of Education,handersongw@creativecommons.org,Female,05/21/1954
64230728,Henry,Olson,Lynch School of Education,holsongx@arizona.edu,Male,05/06/1998
17711893,Jeremy,Reynolds,School of Theology & Ministry,jreynoldsgy@yahoo.com,Male,11/23/1965
86597193,Antonio,Bell,Woods College of Advancing Studies,abellgz@omniture.com,Male,12/20/1987
33240538,Matthew,Spencer,School of Theology & Ministry,mspencerh0@si.edu,Male,06/23/1933
57327794,Lawrence,Flores,School of Theology & Ministry,lfloresh1@artisteer.com,Male,05/16/1933
70343532,Louise,Ryan,Law School,lryanh2@gizmodo.com,Female,12/02/1957
99248174,Gloria,Ford,Connell School of Nursing,gfordh3@dedecms.com,Female,01/10/1968
67119201,Barbara,Dean,Connell School of Nursing,bdeanh4@fotki.com,Female,07/09/2011
09715195,Phyllis,Martin,Lynch School of Education,pmartinh5@taobao.com,Female,03/30/1952
25205911,Heather,Coleman,Woods College of Advancing Studies,hcolemanh6@google.com.au,Female,09/04/1930
31467861,Alice,Austin,Lynch School of Education,aaustinh7@unicef.org,Female,08/03/1952
85184322,Sandra,Owens,Law School,sowensh8@hhs.gov,Female,01/20/1941
93416501,Terry,Henderson,Law School,thendersonh9@reverbnation.com,Male,04/12/1985
36886431,Shirley,Chapman,School of Theology & Ministry,schapmanha@bravesites.com,Female,12/09/2004
93542341,Anna,Fernandez,School of Theology & Ministry,afernandezhb@virginia.edu,Female,02/13/2011
69535822,Judy,Payne,Connell School of Nursing,jpaynehc@godaddy.com,Female,05/03/1943
90599308,Heather,Coleman,Woods College of Advancing Studies,hcolemanhd@dailymotion.com,Female,11/08/2000
34000802,Antonio,James,Morrissey College of Arts & Sciences,ajameshe@w3.org,Male,07/24/1941
18250331,Patrick,Lynch,School of Theology & Ministry,plynchhf@ted.com,Male,10/03/1933
61954919,Rose,Johnson,Connell School of Nursing,rjohnsonhg@cnn.com,Female,05/22/1981
73169412,Teresa,Brown,School of Social Work,tbrownhh@state.gov,Female,08/07/1950
49206472,Fred,Harper,Morrissey College of Arts & Sciences,fharperhi@google.nl,Male,11/28/1997
06921225,Raymond,Hanson,Lynch School of Education,rhansonhj@alexa.com,Male,08/24/2008
61391666,John,Daniels,Morrissey College of Arts & Sciences,jdanielshk@amazonaws.com,Male,07/31/1963
71361380,Frank,Reyes,Law School,freyeshl@addtoany.com,Male,02/22/1960
00559296,Craig,Gutierrez,Morrissey College of Arts & Sciences,cgutierrezhm@github.com,Male,06/21/1976
56091372,Annie,Miller,Lynch School of Education,amillerhn@irs.gov,Female,08/09/2006
36019866,Howard,Fowler,Connell School of Nursing,hfowlerho@opensource.org,Male,10/09/1939
41680114,Martin,Ramirez,School of Theology & Ministry,mramirezhp@fema.gov,Male,06/30/2015
63420079,Jimmy,Lynch,Lynch School of Education,jlynchhq@tmall.com,Male,05/05/1963
44911834,Scott,Thomas,Law School,sthomashr@wordpress.com,Male,11/30/1960
30668634,Anthony,Hunt,Law School,ahunths@desdev.cn,Male,10/26/1969
85227955,Wayne,Willis,School of Theology & Ministry,wwillisht@cbsnews.com,Male,07/19/1941
23642802,Tina,Gray,Morrissey College of Arts & Sciences,tgrayhu@time.com,Female,06/21/1995
14045178,Kevin,Ellis,Law School,kellishv@last.fm,Male,03/17/1944
75645195,Lois,Hayes,School of Social Work,lhayeshw@ocn.ne.jp,Female,07/07/1997
80654886,Joseph,Carroll,Woods College of Advancing Studies,jcarrollhx@creativecommons.org,Male,11/19/2007
51832079,Christine,Berry,Woods College of Advancing Studies,cberryhy@lulu.com,Female,09/07/1999
08320500,Mark,Hayes,Lynch School of Education,mhayeshz@paginegialle.it,Male,12/07/1948
14491186,Karen,Stone,School of Social Work,kstonei0@over-blog.com,Female,09/02/1960
45569673,Russell,Porter,School of Social Work,rporteri1@wired.com,Male,03/18/1955
97915516,Irene,Franklin,Morrissey College of Arts & Sciences,ifranklini2@skyrock.com,Female,02/16/1949
88548838,Paul,Lynch,School of Theology & Ministry,plynchi3@ifeng.com,Male,04/14/2009
02043326,Alice,Hunt,Lynch School of Education,ahunti4@prlog.org,Female,06/11/1953
55201270,Harold,Gilbert,Woods College of Advancing Studies,hgilberti5@blogspot.com,Male,07/29/1970
16228493,Sharon,Berry,Morrissey College of Arts & Sciences,sberryi6@google.cn,Female,02/04/1966
10863651,Jean,Reid,School of Theology & Ministry,jreidi7@oracle.com,Female,08/09/1952
62001952,Elizabeth,Bailey,Woods College of Advancing Studies,ebaileyi8@google.pl,Female,05/25/1966
83550729,Edward,Patterson,Connell School of Nursing,epattersoni9@friendfeed.com,Male,11/25/1947
41938173,Diana,Matthews,Woods College of Advancing Studies,dmatthewsia@msu.edu,Female,01/20/1934
84811648,Louise,Garrett,Lynch School of Education,lgarrettib@deliciousdays.com,Female,12/05/1947
74668213,Craig,Reyes,Morrissey College of Arts & Sciences,creyesic@1688.com,Male,11/25/1960
43265051,William,Fernandez,School of Social Work,wfernandezid@wufoo.com,Male,11/26/1998
00490368,Marilyn,Ruiz,Law School,mruizie@toplist.cz,Female,04/23/1975
92503515,Margaret,Barnes,Law School,mbarnesif@gov.uk,Female,11/10/1980
59321132,Jack,Cooper,Lynch School of Education,jcooperig@senate.gov,Male,05/02/1953
48987727,Roy,Harper,Carroll School of Management,rharperih@upenn.edu,Male,12/11/1969
56566014,Stephen,Morris,Connell School of Nursing,smorrisii@cmu.edu,Male,02/05/1985
39883613,Beverly,Snyder,School of Social Work,bsnyderij@jalbum.net,Female,12/03/1998
80466730,Laura,Bryant,School of Theology & Ministry,lbryantik@home.pl,Female,02/03/1990
83698803,Sandra,Dixon,Connell School of Nursing,sdixonil@chronoengine.com,Female,06/19/1995
67905970,Judy,Anderson,Morrissey College of Arts & Sciences,jandersonim@admin.ch,Female,12/07/1987
67230560,Eric,Perry,Connell School of Nursing,eperryin@phpbb.com,Male,10/26/1971
22786798,Judy,Freeman,Lynch School of Education,jfreemanio@devhub.com,Female,07/14/1987
54505180,Raymond,Bowman,Woods College of Advancing Studies,rbowmanip@fastcompany.com,Male,11/23/1982
47369452,Howard,Ward,School of Social Work,hwardiq@google.ru,Male,01/31/1966
97286579,Steve,Ryan,Morrissey College of Arts & Sciences,sryanir@nifty.com,Male,08/31/1939
19415861,Maria,Stephens,Carroll School of Management,mstephensis@trellian.com,Female,12/03/1935
75223374,Paula,Black,School of Social Work,pblackit@accuweather.com,Female,07/08/1985
53841497,Julie,Riley,Carroll School of Management,jrileyiu@godaddy.com,Female,04/26/1965
49858558,Joseph,Hudson,School of Social Work,jhudsoniv@un.org,Male,04/04/1975
54843021,Michael,Richardson,Morrissey College of Arts & Sciences,mrichardsoniw@g.co,Male,04/02/2012
32120069,Gerald,Allen,Law School,gallenix@booking.com,Male,09/28/1961
95816495,Ruby,Ross,Carroll School of Management,rrossiy@bloglovin.com,Female,02/03/1977
58587887,Peter,Bryant,School of Theology & Ministry,pbryantiz@bizjournals.com,Male,11/28/1981
69842105,Willie,Ellis,Woods College of Advancing Studies,wellisj0@spiegel.de,Male,10/29/1935
00493242,Martin,Gomez,School of Theology & Ministry,mgomezj1@wufoo.com,Male,07/12/1977
98242616,Bonnie,Hall,Morrissey College of Arts & Sciences,bhallj2@amazon.de,Female,03/29/1947
43078380,Christina,Woods,Woods College of Advancing Studies,cwoodsj3@tinypic.com,Female,08/22/1954
71071487,Walter,Morrison,Connell School of Nursing,wmorrisonj4@rakuten.co.jp,Male,10/30/1952
25677654,Juan,Bryant,Lynch School of Education,jbryantj5@cdc.gov,Male,05/19/1986
52705617,Clarence,Black,School of Social Work,cblackj6@jimdo.com,Male,08/12/1960
45096442,Justin,Parker,Connell School of Nursing,jparkerj7@auda.org.au,Male,12/05/2000
20805003,Denise,Romero,Connell School of Nursing,dromeroj8@wired.com,Female,11/05/2004
09380983,Amy,Oliver,Lynch School of Education,aoliverj9@vkontakte.ru,Female,06/05/1956
75669705,Larry,Murphy,Lynch School of Education,lmurphyja@google.com,Male,10/06/1951
60927857,Jesse,Baker,School of Social Work,jbakerjb@chicagotribune.com,Male,09/27/1948
99397557,Diane,Greene,Law School,dgreenejc@clickbank.net,Female,10/05/1933
08894209,Donald,Cole,School of Social Work,dcolejd@i2i.jp,Male,06/24/1986
95494269,Judith,Daniels,Law School,jdanielsje@mit.edu,Female,01/05/2000
26921067,Carlos,Diaz,Carroll School of Management,cdiazjf@t-online.de,Male,05/06/1941
22222567,Jessica,Gomez,Connell School of Nursing,jgomezjg@reddit.com,Female,05/29/1983
68208320,Joan,Dixon,Connell School of Nursing,jdixonjh@google.ru,Female,07/09/1960
09709381,Karen,Bryant,Law School,kbryantji@opensource.org,Female,08/13/1944
96165634,Jose,Coleman,Carroll School of Management,jcolemanjj@miibeian.gov.cn,Male,02/21/1952
11600900,Brenda,Richards,Woods College of Advancing Studies,brichardsjk@plala.or.jp,Female,05/25/1946
27571506,Steve,Nichols,Carroll School of Management,snicholsjl@is.gd,Male,09/25/1979
46822418,Jennifer,Hayes,Law School,jhayesjm@blinklist.com,Female,01/13/1994
30925675,Jeremy,Jackson,Law School,jjacksonjn@japanpost.jp,Male,08/05/1998
71304832,Eric,Dunn,Morrissey College of Arts & Sciences,edunnjo@homestead.com,Male,07/06/1971
95262920,Clarence,Marshall,Law School,cmarshalljp@home.pl,Male,03/21/1931
06115023,Larry,Morales,Lynch School of Education,lmoralesjq@cbslocal.com,Male,06/11/1980
47689356,Juan,Henderson,Morrissey College of Arts & Sciences,jhendersonjr@nytimes.com,Male,10/11/1948
64642891,Margaret,Stevens,Carroll School of Management,mstevensjs@alexa.com,Female,12/05/1954
63825092,Sarah,Ross,Morrissey College of Arts & Sciences,srossjt@wp.com,Female,10/29/2013
51886721,Helen,Miller,Morrissey College of Arts & Sciences,hmillerju@freewebs.com,Female,06/11/1972
16745899,Brandon,Price,Woods College of Advancing Studies,bpricejv@abc.net.au,Male,10/18/1953
02026322,Joan,Jones,Woods College of Advancing Studies,jjonesjw@gravatar.com,Female,09/01/1987
43105948,Kathleen,Baker,Carroll School of Management,kbakerjx@soup.io,Female,07/14/2008
75091721,Nicholas,Moore,Law School,nmoorejy@wunderground.com,Male,05/25/1954
06530883,Cynthia,Barnes,Lynch School of Education,cbarnesjz@yelp.com,Female,05/27/1957
11075331,Donald,Rose,Law School,drosek0@ifeng.com,Male,01/29/1991
39419593,Sara,Nelson,Connell School of Nursing,snelsonk1@wisc.edu,Female,07/20/1996
77599076,Diana,Kelley,Law School,dkelleyk2@census.gov,Female,08/27/1986
31045226,Beverly,Kelly,Carroll School of Management,bkellyk3@bloglines.com,Female,12/19/2004
17988237,Michael,Moreno,Carroll School of Management,mmorenok4@bloglines.com,Male,05/26/2012
45596513,Anthony,Campbell,School of Social Work,acampbellk5@army.mil,Male,12/07/2015
43478287,Dorothy,Harris,Lynch School of Education,dharrisk6@washingtonpost.com,Female,07/23/1963
58751847,Scott,Torres,Morrissey College of Arts & Sciences,storresk7@goo.ne.jp,Male,04/18/2003
40652488,Antonio,Garrett,Lynch School of Education,agarrettk8@php.net,Male,02/06/1954
35404806,Ashley,Alvarez,Carroll School of Management,aalvarezk9@seattletimes.com,Female,10/21/1956
81008804,Jimmy,Welch,Connell School of Nursing,jwelchka@unicef.org,Male,04/15/2015
22499125,Judy,Gonzales,Connell School of Nursing,jgonzaleskb@fastcompany.com,Female,11/11/1959
79996514,Sarah,Sims,Lynch School of Education,ssimskc@bluehost.com,Female,08/05/1941
74892797,Christine,Long,Woods College of Advancing Studies,clongkd@irs.gov,Female,03/22/1967
78379882,Jack,Rose,Woods College of Advancing Studies,jroseke@army.mil,Male,11/17/1952
28178825,Randy,Gordon,Morrissey College of Arts & Sciences,rgordonkf@alibaba.com,Male,10/06/1934
67469426,Beverly,Stanley,Connell School of Nursing,bstanleykg@youtube.com,Female,12/31/1964
20684935,Alice,Parker,Connell School of Nursing,aparkerkh@alibaba.com,Female,08/23/1986
52340853,Marilyn,Henderson,School of Theology & Ministry,mhendersonki@qq.com,Female,05/03/1951
76702122,Kathleen,Bowman,School of Social Work,kbowmankj@yellowpages.com,Female,08/22/2005
13613600,Paul,Collins,Woods College of Advancing Studies,pcollinskk@answers.com,Male,03/13/1932
97973578,Laura,Murphy,Woods College of Advancing Studies,lmurphykl@typepad.com,Female,11/06/1964
41076843,Kevin,Henry,Carroll School of Management,khenrykm@wikipedia.org,Male,02/06/1948
02600155,Ann,Marshall,Morrissey College of Arts & Sciences,amarshallkn@nature.com,Female,04/08/1944
72518144,Helen,Garcia,Law School,hgarciako@ox.ac.uk,Female,02/22/2004
90474047,Lori,Rivera,Morrissey College of Arts & Sciences,lriverakp@opensource.org,Female,07/22/1984
67288023,Gloria,Cooper,Law School,gcooperkq@example.com,Female,06/22/1932
76057927,Philip,Harrison,School of Theology & Ministry,pharrisonkr@chronoengine.com,Male,06/29/1932
25472085,Stephanie,Willis,Lynch School of Education,swillisks@trellian.com,Female,07/16/2013
23200854,Jessica,Walker,Carroll School of Management,jwalkerkt@hhs.gov,Female,02/11/1945
80611362,Debra,Oliver,School of Social Work,doliverku@wix.com,Female,09/28/1955
16659136,Lori,Nelson,School of Theology & Ministry,lnelsonkv@ibm.com,Female,07/28/1990
72404848,William,Dunn,Morrissey College of Arts & Sciences,wdunnkw@de.vu,Male,06/23/1963
11209703,Martha,Brooks,Connell School of Nursing,mbrookskx@wix.com,Female,01/16/2013
77859553,Robin,Brown,Connell School of Nursing,rbrownky@netscape.com,Female,08/22/1944
01450769,Joseph,Sullivan,Morrissey College of Arts & Sciences,jsullivankz@google.de,Male,05/10/1943
94352682,Frances,Hayes,Carroll School of Management,fhayesl0@amazon.co.jp,Female,05/14/2002
46943041,Shawn,Williams,Woods College of Advancing Studies,swilliamsl1@comcast.net,Male,05/18/2013
44636979,Jimmy,Carter,Morrissey College of Arts & Sciences,jcarterl2@soup.io,Male,11/01/2006
05430449,Cheryl,Roberts,Woods College of Advancing Studies,crobertsl3@apache.org,Female,12/23/2007
30418996,Christopher,Roberts,School of Social Work,crobertsl4@behance.net,Male,05/24/2011
45317221,Sharon,Griffin,Connell School of Nursing,sgriffinl5@reddit.com,Female,09/25/2005
54410831,Dennis,Medina,School of Theology & Ministry,dmedinal6@salon.com,Male,12/26/1966
83597017,Diane,Owens,Carroll School of Management,dowensl7@free.fr,Female,10/01/1969
95155998,Gregory,Kelley,School of Theology & Ministry,gkelleyl8@alibaba.com,Male,04/30/1990
79460915,Kathy,Hall,Morrissey College of Arts & Sciences,khalll9@ebay.com,Female,09/02/2005
59112091,John,Kelley,Law School,jkelleyla@t-online.de,Male,05/25/1981
60337377,Benjamin,Sullivan,Connell School of Nursing,bsullivanlb@etsy.com,Male,06/23/1930
32335441,Irene,Reid,Law School,ireidlc@printfriendly.com,Female,10/29/1982
47868912,Randy,Gordon,Carroll School of Management,rgordonld@last.fm,Male,07/12/1949
12442450,Tammy,Stevens,Connell School of Nursing,tstevensle@yellowbook.com,Female,08/25/1966
50892356,Timothy,Gutierrez,Law School,tgutierrezlf@columbia.edu,Male,03/08/1993
42232482,Jessica,Banks,Morrissey College of Arts & Sciences,jbankslg@booking.com,Female,03/12/1950
79952077,Stephanie,Perry,School of Social Work,sperrylh@msu.edu,Female,02/08/1975
37849748,Amanda,Daniels,School of Social Work,adanielsli@webeden.co.uk,Female,07/21/1968
42340686,Stephen,Nelson,Connell School of Nursing,snelsonlj@usda.gov,Male,12/24/1996
48467806,Paul,Cruz,Connell School of Nursing,pcruzlk@twitter.com,Male,04/25/1977
51022663,Lawrence,Wright,Woods College of Advancing Studies,lwrightll@odnoklassniki.ru,Male,06/15/1981
92050135,Albert,Matthews,Law School,amatthewslm@bandcamp.com,Male,06/10/2013
98334409,Christina,Bell,Morrissey College of Arts & Sciences,cbellln@census.gov,Female,04/21/1985
27400555,Ruby,Turner,School of Theology & Ministry,rturnerlo@tumblr.com,Female,07/14/1940
04562621,Bonnie,West,Carroll School of Management,bwestlp@netscape.com,Female,10/14/1997
67084977,Norma,Frazier,Woods College of Advancing Studies,nfrazierlq@ucoz.ru,Female,04/29/2010
05148311,Christina,Sullivan,Law School,csullivanlr@phpbb.com,Female,05/09/1980
76364838,Albert,Woods,Lynch School of Education,awoodsls@macromedia.com,Male,02/01/1966
01272099,Ernest,Hayes,Law School,ehayeslt@istockphoto.com,Male,09/08/1933
99390210,Katherine,Wheeler,Morrissey College of Arts & Sciences,kwheelerlu@discovery.com,Female,04/19/1963
44756653,Victor,Allen,Lynch School of Education,vallenlv@drupal.org,Male,02/07/1988
71185543,Kathryn,Mendoza,Morrissey College of Arts & Sciences,kmendozalw@photobucket.com,Female,07/09/1991
75833825,Joseph,Ellis,Carroll School of Management,jellislx@house.gov,Male,09/19/2015
77709404,Anthony,Clark,Morrissey College of Arts & Sciences,aclarkly@weebly.com,Male,04/04/1961
97312652,Timothy,Romero,Carroll School of Management,tromerolz@reverbnation.com,Male,10/25/1964
13873470,Louise,Holmes,School of Social Work,lholmesm0@businessweek.com,Female,03/29/1994
07149866,Andrew,Morrison,School of Theology & Ministry,amorrisonm1@mac.com,Male,04/01/2012
31254143,Katherine,Johnston,Connell School of Nursing,kjohnstonm2@hhs.gov,Female,05/26/2000
20870255,Melissa,Thompson,Connell School of Nursing,mthompsonm3@mlb.com,Female,02/14/1936
27192934,Jeffrey,Perry,Carroll School of Management,jperrym4@linkedin.com,Male,02/09/2000
87104253,Maria,Hughes,Lynch School of Education,mhughesm5@google.com.br,Female,06/14/1992
42431301,Keith,Wheeler,Morrissey College of Arts & Sciences,kwheelerm6@ycombinator.com,Male,04/11/2005
43537290,Anthony,Alvarez,School of Social Work,aalvarezm7@umich.edu,Male,05/04/1937
56596165,Angela,Daniels,Morrissey College of Arts & Sciences,adanielsm8@google.co.uk,Female,08/18/1932
45014347,Todd,Torres,Woods College of Advancing Studies,ttorresm9@umich.edu,Male,09/11/1984
68114793,Virginia,George,Connell School of Nursing,vgeorgema@indiegogo.com,Female,02/25/1969
48458566,Philip,Stevens,Carroll School of Management,pstevensmb@redcross.org,Male,04/12/1943
44826112,Sandra,Henderson,Law School,shendersonmc@google.co.uk,Female,10/09/2005
88099622,Jeremy,Hunt,Law School,jhuntmd@ocn.ne.jp,Male,06/13/1956
34534223,Tina,Kim,School of Theology & Ministry,tkimme@ezinearticles.com,Female,12/26/1945
79960757,Anthony,Grant,Connell School of Nursing,agrantmf@ifeng.com,Male,03/31/1983
80269153,Donna,Pierce,School of Theology & Ministry,dpiercemg@fema.gov,Female,02/27/1987
74314836,Kathy,Allen,Carroll School of Management,kallenmh@miibeian.gov.cn,Female,01/29/1986
00920707,Christina,Johnson,Morrissey College of Arts & Sciences,cjohnsonmi@dot.gov,Female,08/12/1949
99182826,Bobby,Ramirez,Law School,bramirezmj@freewebs.com,Male,12/30/2003
72893059,Sandra,Walker,Morrissey College of Arts & Sciences,swalkermk@godaddy.com,Female,06/27/1969
06714967,Tina,Cook,Woods College of Advancing Studies,tcookml@plala.or.jp,Female,05/27/1996
98729512,Amy,Hudson,Morrissey College of Arts & Sciences,ahudsonmm@cargocollective.com,Female,06/24/1936
46737628,Robert,Miller,School of Social Work,rmillermn@taobao.com,Male,03/12/1985
80775575,Helen,Sanchez,Carroll School of Management,hsanchezmo@shinystat.com,Female,04/12/1967
83681815,Donald,Campbell,Lynch School of Education,dcampbellmp@marketwatch.com,Male,02/23/1995
68959553,Jeffrey,Fowler,Carroll School of Management,jfowlermq@pagesperso-orange.fr,Male,10/08/1956
16812179,Todd,Russell,Woods College of Advancing Studies,trussellmr@salon.com,Male,01/06/1961
29023330,Betty,Fields,School of Theology & Ministry,bfieldsms@soup.io,Female,08/12/2008
21522177,Janice,Watson,Morrissey College of Arts & Sciences,jwatsonmt@mail.ru,Female,03/27/1982
22108788,Evelyn,Scott,Morrissey College of Arts & Sciences,escottmu@merriam-webster.com,Female,03/08/1969
46752322,Bonnie,Jenkins,Law School,bjenkinsmv@naver.com,Female,05/15/1968
42531807,Larry,Bradley,Law School,lbradleymw@sfgate.com,Male,04/03/1976
75416343,Terry,Rogers,School of Theology & Ministry,trogersmx@springer.com,Male,12/01/1934
29282451,Debra,Foster,Connell School of Nursing,dfostermy@gizmodo.com,Female,03/30/1944
70349210,Daniel,Campbell,Law School,dcampbellmz@hud.gov,Male,04/27/2002
46034742,Norma,Edwards,Law School,nedwardsn0@blogs.com,Female,03/30/1943
67102419,Anna,Henderson,Connell School of Nursing,ahendersonn1@hao123.com,Female,01/04/1975
37975136,Katherine,Carr,Carroll School of Management,kcarrn2@stanford.edu,Female,06/03/1976
32667100,Wanda,James,Connell School of Nursing,wjamesn3@nature.com,Female,11/19/2013
93034830,Nicholas,Gonzales,Connell School of Nursing,ngonzalesn4@wikispaces.com,Male,12/25/1942
63323746,Billy,Brooks,School of Social Work,bbrooksn5@va.gov,Male,07/08/1985
35366406,Jacqueline,Harris,Carroll School of Management,jharrisn6@meetup.com,Female,09/21/1956
53953404,Donna,Hanson,Woods College of Advancing Studies,dhansonn7@discuz.net,Female,12/13/1991
13946907,Richard,Lynch,Carroll School of Management,rlynchn8@qq.com,Male,12/28/2013
33510888,Pamela,Myers,School of Theology & Ministry,pmyersn9@redcross.org,Female,04/04/2005
02576429,Bobby,Larson,School of Social Work,blarsonna@biblegateway.com,Male,12/17/1997
04106227,Jeffrey,Carter,School of Social Work,jcarternb@patch.com,Male,11/28/2006
78307742,Juan,Kelley,School of Social Work,jkelleync@stanford.edu,Male,03/19/1986
47001299,Margaret,Mccoy,Woods College of Advancing Studies,mmccoynd@nbcnews.com,Female,02/11/2012
81088982,Lisa,Green,Carroll School of Management,lgreenne@indiegogo.com,Female,12/03/2015
26097322,Irene,Duncan,Carroll School of Management,iduncannf@vkontakte.ru,Female,03/05/1987
70071338,Shirley,Miller,Carroll School of Management,smillerng@jugem.jp,Female,05/01/2000
41165603,Diane,Hanson,Woods College of Advancing Studies,dhansonnh@ovh.net,Female,09/28/2007
81934214,Jason,Graham,Law School,jgrahamni@tiny.cc,Male,06/22/2012
28411128,Philip,Brooks,Morrissey College of Arts & Sciences,pbrooksnj@google.it,Male,05/06/1941
59783441,Jacqueline,Lawson,Law School,jlawsonnk@digg.com,Female,05/16/1986
32519906,Howard,Martin,Carroll School of Management,hmartinnl@themeforest.net,Male,09/09/1953
08592956,Terry,Foster,Morrissey College of Arts & Sciences,tfosternm@woothemes.com,Male,12/26/1968
74676843,Melissa,Richards,School of Social Work,mrichardsnn@posterous.com,Female,03/20/1998
07398668,Anna,Diaz,Woods College of Advancing Studies,adiazno@google.ca,Female,05/13/2003
42235841,Frank,Bennett,Morrissey College of Arts & Sciences,fbennettnp@mozilla.org,Male,05/20/1972
49316714,Rebecca,Stone,Woods College of Advancing Studies,rstonenq@arstechnica.com,Female,05/15/1958
67818421,Paula,Marshall,Carroll School of Management,pmarshallnr@nhs.uk,Female,02/02/1944
68347274,Jessica,Little,School of Social Work,jlittlens@themeforest.net,Female,01/31/1961
93843543,Terry,Stephens,Lynch School of Education,tstephensnt@tripadvisor.com,Male,01/10/1988
26639274,James,Berry,Woods College of Advancing Studies,jberrynu@google.ca,Male,07/05/1987
13989664,Rebecca,Wagner,Woods College of Advancing Studies,rwagnernv@utexas.edu,Female,05/29/1993
89204995,Donald,Cunningham,Lynch School of Education,dcunninghamnw@nydailynews.com,Male,07/25/1991
78842890,Cheryl,Murray,Connell School of Nursing,cmurraynx@privacy.gov.au,Female,01/08/1967
12970186,Samuel,Gibson,Law School,sgibsonny@oracle.com,Male,07/24/1993
73739141,Arthur,Knight,School of Theology & Ministry,aknightnz@chicagotribune.com,Male,03/09/1958
56612914,Charles,Henry,Morrissey College of Arts & Sciences,chenryo0@ifeng.com,Male,05/22/1958
57617803,James,Gordon,Law School,jgordono1@google.pl,Male,07/11/1996
12236350,Angela,Schmidt,School of Social Work,aschmidto2@php.net,Female,06/10/1958
27539036,Debra,Dean,School of Social Work,ddeano3@plala.or.jp,Female,09/08/1992
01082099,Jesse,Rice,Lynch School of Education,jriceo4@toplist.cz,Male,11/27/2008
09683609,Sharon,Morgan,Lynch School of Education,smorgano5@paginegialle.it,Female,04/17/1987
43240760,David,Rose,Lynch School of Education,droseo6@google.ru,Male,12/02/1944
76537941,Richard,Hernandez,School of Social Work,rhernandezo7@so-net.ne.jp,Male,12/15/2001
84632598,Billy,Sanders,School of Theology & Ministry,bsanderso8@unc.edu,Male,08/21/1949
85612212,Willie,Fernandez,Morrissey College of Arts & Sciences,wfernandezo9@sciencedaily.com,Male,02/22/1971
45112562,Jane,Nichols,Connell School of Nursing,jnicholsoa@xing.com,Female,09/02/1935
67212244,Stephen,Fields,Lynch School of Education,sfieldsob@intel.com,Male,10/31/1930
29960000,Kenneth,Lane,Morrissey College of Arts & Sciences,klaneoc@chronoengine.com,Male,11/10/2014
58424201,Lori,Moore,Law School,lmooreod@toplist.cz,Female,01/03/1977
82277265,Joan,Kelly,School of Theology & Ministry,jkellyoe@marriott.com,Female,06/28/1968
40466600,Betty,Perkins,School of Theology & Ministry,bperkinsof@xinhuanet.com,Female,09/22/1998
81312204,Nicole,Larson,Connell School of Nursing,nlarsonog@bravesites.com,Female,09/10/1994
08259334,Gloria,Dixon,School of Social Work,gdixonoh@wp.com,Female,01/24/2012
13323566,Louis,Fuller,Carroll School of Management,lfulleroi@mozilla.org,Male,08/29/2009
36700130,Gregory,Ray,School of Social Work,grayoj@shareasale.com,Male,06/30/1965
08988678,Karen,Perkins,Connell School of Nursing,kperkinsok@blogtalkradio.com,Female,06/18/1963
52899065,Russell,Warren,School of Theology & Ministry,rwarrenol@furl.net,Male,12/29/1966
50542164,Christina,Woods,School of Social Work,cwoodsom@nationalgeographic.com,Female,06/22/1977
46451718,Sharon,Crawford,Carroll School of Management,scrawfordon@sbwire.com,Female,12/03/1959
90071201,Randy,Carpenter,Morrissey College of Arts & Sciences,rcarpenteroo@examiner.com,Male,02/02/1976
81477303,Terry,Moreno,Carroll School of Management,tmorenoop@blogtalkradio.com,Male,05/25/1941
30528258,Albert,Olson,Connell School of Nursing,aolsonoq@mail.ru,Male,05/23/1947
14717900,Thomas,Price,Morrissey College of Arts & Sciences,tpriceor@tamu.edu,Male,09/18/1936
21873563,Christopher,White,Connell School of Nursing,cwhiteos@columbia.edu,Male,01/12/1993
32637117,Ronald,Gutierrez,Law School,rgutierrezot@cisco.com,Male,12/07/2001
81387798,Paula,Parker,Carroll School of Management,pparkerou@cbslocal.com,Female,10/21/1943
72057633,Shawn,Arnold,Morrissey College of Arts & Sciences,sarnoldov@wikimedia.org,Male,12/22/2006
72067968,Sandra,Carroll,Carroll School of Management,scarrollow@webs.com,Female,03/09/2014
79185848,Randy,Cooper,Carroll School of Management,rcooperox@unesco.org,Male,09/08/2003
03613478,Kathy,Payne,Woods College of Advancing Studies,kpayneoy@eventbrite.com,Female,11/17/1994
06757548,Albert,Campbell,Connell School of Nursing,acampbelloz@noaa.gov,Male,07/08/1986
96119708,Diana,Wood,School of Theology & Ministry,dwoodp0@howstuffworks.com,Female,02/02/1986
50904718,Mark,Boyd,Carroll School of Management,mboydp1@rambler.ru,Male,01/28/1972
76091241,Ann,Clark,School of Social Work,aclarkp2@usnews.com,Female,02/16/2003
76495257,Kelly,Holmes,Morrissey College of Arts & Sciences,kholmesp3@nps.gov,Female,05/28/1930
57533805,Sandra,Jordan,Carroll School of Management,sjordanp4@infoseek.co.jp,Female,06/18/2001
46970890,Victor,Adams,School of Social Work,vadamsp5@hibu.com,Male,12/03/1944
92848942,Elizabeth,Harrison,Law School,eharrisonp6@disqus.com,Female,06/07/1938
13753547,Robert,Mendoza,Morrissey College of Arts & Sciences,rmendozap7@mlb.com,Male,12/21/2014
74428342,Brandon,Parker,Connell School of Nursing,bparkerp8@arizona.edu,Male,06/20/1980
84088110,Justin,Spencer,Connell School of Nursing,jspencerp9@studiopress.com,Male,08/31/2008
37783535,Earl,Mcdonald,Carroll School of Management,emcdonaldpa@privacy.gov.au,Male,11/10/1970
38945658,Russell,Chavez,Law School,rchavezpb@intel.com,Male,11/12/1932
38313402,Douglas,Franklin,Lynch School of Education,dfranklinpc@w3.org,Male,11/28/1982
97014872,Anne,Cunningham,School of Social Work,acunninghampd@answers.com,Female,09/29/2011
59687536,Andrew,Shaw,Lynch School of Education,ashawpe@webnode.com,Male,12/04/1991
23022982,Chris,Henry,Carroll School of Management,chenrypf@example.com,Male,04/06/1964
52178943,Cynthia,Gordon,Law School,cgordonpg@nbcnews.com,Female,07/01/1983
40487686,Clarence,Cruz,Morrissey College of Arts & Sciences,ccruzph@gizmodo.com,Male,04/08/2006
81726166,Steve,Holmes,Law School,sholmespi@usa.gov,Male,10/06/1938
99325655,John,Martinez,Lynch School of Education,jmartinezpj@chron.com,Male,04/22/1943
20234163,Annie,Burton,School of Social Work,aburtonpk@smugmug.com,Female,10/03/1935
74604627,Teresa,Perkins,School of Social Work,tperkinspl@joomla.org,Female,11/14/1931
64811878,Stephen,Hill,Lynch School of Education,shillpm@hatena.ne.jp,Male,11/05/1996
49577491,Justin,Turner,Morrissey College of Arts & Sciences,jturnerpn@seattletimes.com,Male,03/07/1987
68302982,Nicholas,Freeman,Connell School of Nursing,nfreemanpo@google.it,Male,05/16/1970
95494584,Alice,Simpson,Connell School of Nursing,asimpsonpp@cisco.com,Female,09/24/2013
48894429,Cheryl,Watson,Woods College of Advancing Studies,cwatsonpq@wikispaces.com,Female,02/12/1940
69560630,Tina,Tucker,Carroll School of Management,ttuckerpr@de.vu,Female,10/26/1937
00006964,Ernest,Myers,Morrissey College of Arts & Sciences,emyersps@wp.com,Male,10/12/1997
01279100,Julia,Morris,School of Theology & Ministry,jmorrispt@t-online.de,Female,10/09/1964
01949504,Ruth,Fisher,Law School,rfisherpu@hubpages.com,Female,06/29/1961
96038636,Roy,Tucker,School of Theology & Ministry,rtuckerpv@seattletimes.com,Male,08/29/1943
78506120,Marilyn,Nelson,Connell School of Nursing,mnelsonpw@princeton.edu,Female,08/11/2008
93018950,Willie,Chapman,Morrissey College of Arts & Sciences,wchapmanpx@csmonitor.com,Male,07/01/1949
80019975,Willie,Sims,Morrissey College of Arts & Sciences,wsimspy@boston.com,Male,09/02/2004
91047196,Earl,Chapman,Connell School of Nursing,echapmanpz@friendfeed.com,Male,12/15/1983
83719596,Justin,Armstrong,Carroll School of Management,jarmstrongq0@addthis.com,Male,01/24/1969
84313153,Joe,Fowler,Woods College of Advancing Studies,jfowlerq1@privacy.gov.au,Male,10/03/1941
47992036,Mildred,Stevens,School of Social Work,mstevensq2@pbs.org,Female,05/19/1960
37054727,Randy,Hall,Carroll School of Management,rhallq3@engadget.com,Male,10/28/1996
25973356,Keith,Tucker,Woods College of Advancing Studies,ktuckerq4@guardian.co.uk,Male,06/14/1953
81193820,Jean,Rose,Lynch School of Education,jroseq5@addtoany.com,Female,07/29/1935
04897999,Michelle,Hudson,School of Theology & Ministry,mhudsonq6@shinystat.com,Female,04/05/1985
76913540,Judith,Weaver,Connell School of Nursing,jweaverq7@fda.gov,Female,02/23/2007
33345593,Judith,Morales,School of Theology & Ministry,jmoralesq8@about.com,Female,04/05/2002
59225364,Catherine,Kelly,Woods College of Advancing Studies,ckellyq9@eepurl.com,Female,12/18/1965
08974142,Kathleen,Graham,Carroll School of Management,kgrahamqa@csmonitor.com,Female,10/23/1992
42917270,Shawn,Williams,Morrissey College of Arts & Sciences,swilliamsqb@princeton.edu,Male,06/10/1967
03690905,Wayne,King,Law School,wkingqc@shutterfly.com,Male,04/24/1962
37055585,Paula,Pierce,Morrissey College of Arts & Sciences,ppierceqd@howstuffworks.com,Female,04/04/1961
97748495,Nicholas,Kelley,Woods College of Advancing Studies,nkelleyqe@cbslocal.com,Male,09/02/1934
66423100,Jennifer,Grant,Connell School of Nursing,jgrantqf@smugmug.com,Female,11/27/1951
95544432,Donna,Fox,Carroll School of Management,dfoxqg@theguardian.com,Female,11/23/1998
78897906,Michael,Bowman,School of Theology & Ministry,mbowmanqh@so-net.ne.jp,Male,01/18/2014
63844500,Mark,Schmidt,School of Theology & Ministry,mschmidtqi@soundcloud.com,Male,10/19/1975
04544622,Susan,Larson,Connell School of Nursing,slarsonqj@patch.com,Female,09/04/1967
32404681,Justin,Williams,School of Social Work,jwilliamsqk@huffingtonpost.com,Male,08/17/1982
75546463,Harold,Bishop,School of Theology & Ministry,hbishopql@wikia.com,Male,10/14/1965
74753812,Shirley,West,Woods College of Advancing Studies,swestqm@engadget.com,Female,05/24/1950
16832452,Kathleen,Carpenter,Connell School of Nursing,kcarpenterqn@bbb.org,Female,10/28/1953
81864131,Brandon,Hudson,Morrissey College of Arts & Sciences,bhudsonqo@apache.org,Male,06/19/2012
68909575,George,Simpson,School of Theology & Ministry,gsimpsonqp@google.com.hk,Male,07/31/1967
72116764,Judy,Hansen,Carroll School of Management,jhansenqq@fastcompany.com,Female,03/13/1951
13102504,Katherine,Alvarez,Law School,kalvarezqr@wiley.com,Female,03/21/1940
82755740,Jacqueline,Lawson,School of Theology & Ministry,jlawsonqs@eventbrite.com,Female,07/16/1984
38882309,Scott,Boyd,Law School,sboydqt@trellian.com,Male,01/08/1935
84352298,Randy,Gilbert,Woods College of Advancing Studies,rgilbertqu@unesco.org,Male,06/02/1959
17384661,Craig,Fields,School of Theology & Ministry,cfieldsqv@acquirethisname.com,Male,04/09/1952
14841317,Eric,Gardner,Carroll School of Management,egardnerqw@nasa.gov,Male,10/19/1966
56921272,Theresa,Meyer,Connell School of Nursing,tmeyerqx@prlog.org,Female,05/20/1998
75932673,Roger,Jacobs,Connell School of Nursing,rjacobsqy@technorati.com,Male,10/18/1989
23785408,Annie,Campbell,School of Theology & Ministry,acampbellqz@tripod.com,Female,12/09/1994
60756634,Paula,Morris,Carroll School of Management,pmorrisr0@mashable.com,Female,05/04/1951
32598867,Doris,Flores,School of Theology & Ministry,dfloresr1@google.cn,Female,10/12/1961
65863791,Ruby,Garrett,Carroll School of Management,rgarrettr2@reference.com,Female,02/17/1946
62524408,Billy,Bradley,Morrissey College of Arts & Sciences,bbradleyr3@issuu.com,Male,12/17/1939
33365782,Shirley,Shaw,Lynch School of Education,sshawr4@clickbank.net,Female,06/25/2014
32146770,Debra,Rice,Woods College of Advancing Studies,dricer5@pinterest.com,Female,10/25/1991
24981025,Jason,Lane,School of Social Work,jlaner6@123-reg.co.uk,Male,05/14/1987
16714700,Roger,Mendoza,School of Social Work,rmendozar7@typepad.com,Male,08/23/2001
22252263,Shawn,Matthews,Woods College of Advancing Studies,smatthewsr8@nbcnews.com,Male,12/07/1932
69445287,Michael,Nichols,Connell School of Nursing,mnicholsr9@de.vu,Male,11/22/2004
52789169,Anthony,Green,Woods College of Advancing Studies,agreenra@example.com,Male,10/13/1995
64642671,Jacqueline,Perkins,Lynch School of Education,jperkinsrb@bloomberg.com,Female,04/04/1956
59135703,Christine,Campbell,Morrissey College of Arts & Sciences,ccampbellrc@unicef.org,Female,07/21/2005
53979993,Billy,Cruz,Morrissey College of Arts & Sciences,bcruzrd@typepad.com,Male,04/28/2007
57254827,Nicole,Rivera,Law School,nriverare@aol.com,Female,05/07/1952
36903692,Christine,Dean,Lynch School of Education,cdeanrf@so-net.ne.jp,Female,02/08/1968
54757408,Fred,Thomas,Connell School of Nursing,fthomasrg@goo.ne.jp,Male,07/09/1998
06016926,Ronald,Payne,Lynch School of Education,rpaynerh@ning.com,Male,05/31/1947
72525447,Jean,Hudson,Morrissey College of Arts & Sciences,jhudsonri@loc.gov,Female,09/18/1996
56016801,Carol,Fox,Law School,cfoxrj@mac.com,Female,04/26/1981
68676428,Lawrence,Smith,Morrissey College of Arts & Sciences,lsmithrk@reddit.com,Male,05/08/1984
72332049,Raymond,Long,Woods College of Advancing Studies,rlongrl@discuz.net,Male,06/10/2004
13230962,Ralph,Reid,Lynch School of Education,rreidrm@gnu.org,Male,02/11/1964
24806887,Judith,Henderson,Carroll School of Management,jhendersonrn@skype.com,Female,07/29/1950
59904249,Walter,Chavez,School of Social Work,wchavezro@e-recht24.de,Male,01/13/2007
27522836,Jose,Harvey,Morrissey College of Arts & Sciences,jharveyrp@yahoo.com,Male,05/15/1949
03470951,Anne,Alexander,Lynch School of Education,aalexanderrq@ebay.co.uk,Female,10/08/1958
00108607,Kenneth,Mason,Law School,kmasonrr@soundcloud.com,Male,08/02/1973
