ID,FirstName,LastName,School,GradYear,Email,Gender,Birthdate
18329304,Marie,Holmes,Carroll School of Management,2016,mholmes0@dedecms.com,Female,06/29/2007
98942787,Ann,Chapman,Carroll School of Management,2017,achapman1@fc2.com,Female,09/23/1993
95681296,Doris,Snyder,Connell School of Nursing,2018,dsnyder2@slate.com,Female,12/16/2012
52408644,Albert,Gilbert,Connell School of Nursing,2019,agilbert3@merriam-webster.com,Male,11/10/2014
83566139,Anne,Hunt,Lynch School of Education,2020,ahunt4@sourceforge.net,Female,03/29/1995
70438399,Pamela,Richardson,Woods College of Advancing Studies,2016,prichardson5@timesonline.co.uk,Female,07/07/2013
09630862,Eric,Daniels,School of Social Work,2017,edaniels6@illinois.edu,Male,02/25/2009
97649774,Carl,Wilson,Connell School of Nursing,2018,cwilson7@china.com.cn,Male,07/01/2015
91908311,Wayne,Gordon,School of Theology & Ministry,2019,wgordon8@yelp.com,Male,12/09/2013
85482371,Edward,Carroll,Woods College of Advancing Studies,2020,ecarroll9@live.com,Male,04/06/2006
93482288,Shirley,Gonzalez,Connell School of Nursing,2016,sgonzaleza@barnesandnoble.com,Female,05/23/2000
30252550,Anthony,Graham,Connell School of Nursing,2017,agrahamb@seesaa.net,Male,06/23/2005
25147181,Betty,Payne,Carroll School of Management,2018,bpaynec@linkedin.com,Female,04/25/2000
68338351,Juan,Gordon,Law School,2019,jgordond@admin.ch,Male,12/14/2013
39141508,Phyllis,Banks,Lynch School of Education,2020,pbankse@uol.com.br,Female,02/05/1991
22644022,Andrew,Marshall,Carroll School of Management,2016,amarshallf@techcrunch.com,Male,12/30/2012
76327565,Amy,Montgomery,Morrissey College of Arts & Sciences,2017,amontgomeryg@apple.com,Female,12/02/1993
41177710,Gloria,Fox,Woods College of Advancing Studies,2018,gfoxh@gizmodo.com,Female,08/08/1998
69924249,Dorothy,Ross,School of Theology & Ministry,2019,drossi@canalblog.com,Female,09/15/1995
00912727,Ronald,Peters,Connell School of Nursing,2020,rpetersj@geocities.jp,Male,12/08/2006
63948060,Annie,Stone,Woods College of Advancing Studies,2016,astonek@wikimedia.org,Female,03/16/2013
84960402,Rachel,Spencer,Law School,2017,rspencerl@yellowpages.com,Female,02/24/2009
97850382,Ruby,Nichols,School of Theology & Ministry,2018,rnicholsm@ehow.com,Female,11/11/1999
56760317,Walter,Schmidt,Carroll School of Management,2019,wschmidtn@php.net,Male,06/14/2006
26440157,Ruby,Hernandez,Law School,2020,rhernandezo@businessinsider.com,Female,10/06/2002
81938774,Elizabeth,Owens,Connell School of Nursing,2016,eowensp@ft.com,Female,07/25/2005
10322668,Catherine,Ryan,Morrissey College of Arts & Sciences,2017,cryanq@hibu.com,Female,08/20/2010
77502752,Ashley,Wells,Carroll School of Management,2018,awellsr@marketwatch.com,Female,09/02/2006
86752749,Ann,Young,Law School,2019,ayoungs@whitehouse.gov,Female,06/02/2001
64934032,Melissa,Reid,Morrissey College of Arts & Sciences,2020,mreidt@fc2.com,Female,09/23/2013
02928390,Mildred,Bryant,Carroll School of Management,2016,mbryantu@plala.or.jp,Female,11/23/1997
33000635,Virginia,Garcia,Connell School of Nursing,2017,vgarciav@over-blog.com,Female,06/01/1996
43734914,Sean,Oliver,School of Theology & Ministry,2018,soliverw@nifty.com,Male,07/22/1997
87505351,Carlos,Cunningham,School of Theology & Ministry,2019,ccunninghamx@google.co.uk,Male,09/20/2012
01475341,Adam,Kim,Woods College of Advancing Studies,2020,akimy@hibu.com,Male,09/29/1993
04598795,Paula,Jordan,Carroll School of Management,2016,pjordanz@geocities.jp,Female,05/13/2006
85120951,Cynthia,Reed,Woods College of Advancing Studies,2017,creed10@fotki.com,Female,03/16/2014
56993255,Andrew,Jones,School of Social Work,2018,ajones11@over-blog.com,Male,01/28/1991
45630163,Anne,Willis,Carroll School of Management,2019,awillis12@biblegateway.com,Female,02/01/2001
21272130,Alice,Alvarez,Woods College of Advancing Studies,2020,aalvarez13@youtu.be,Female,04/25/1997
30677541,Thomas,Fuller,School of Social Work,2016,tfuller14@ftc.gov,Male,05/08/2015
31504815,Johnny,Martinez,Woods College of Advancing Studies,2017,jmartinez15@youtu.be,Male,08/17/2008
68994988,Louise,Jones,Carroll School of Management,2018,ljones16@about.com,Female,02/21/1992
71982795,Dennis,Campbell,Woods College of Advancing Studies,2019,dcampbell17@oakley.com,Male,05/03/1994
02562743,Donald,Harrison,School of Theology & Ministry,2020,dharrison18@macromedia.com,Male,07/08/2008
81383357,Joshua,Thompson,Connell School of Nursing,2016,jthompson19@sogou.com,Male,02/11/1994
35370336,Sara,Carpenter,Carroll School of Management,2017,scarpenter1a@wired.com,Female,04/21/2007
28825404,Betty,Lane,School of Theology & Ministry,2018,blane1b@photobucket.com,Female,11/01/1995
56350847,Phillip,Roberts,Woods College of Advancing Studies,2019,proberts1c@digg.com,Male,05/02/1993
06090735,Earl,Lane,Law School,2020,elane1d@virginia.edu,Male,11/19/2003
27223864,Keith,Woods,Carroll School of Management,2016,kwoods1e@bluehost.com,Male,09/17/1991
56500979,Robert,Griffin,Law School,2017,rgriffin1f@sphinn.com,Male,08/14/2004
00757417,Susan,Price,Law School,2018,sprice1g@usda.gov,Female,03/30/2001
61131715,Samuel,Matthews,Law School,2019,smatthews1h@live.com,Male,10/05/1996
69952872,Michael,Dunn,School of Social Work,2020,mdunn1i@wunderground.com,Male,09/28/1996
29906410,Joyce,Armstrong,Law School,2016,jarmstrong1j@europa.eu,Female,12/03/1990
94246022,William,Bell,School of Theology & Ministry,2017,wbell1k@columbia.edu,Male,10/15/2003
12665661,Alice,Mendoza,Law School,2018,amendoza1l@unc.edu,Female,12/02/2015
74086079,Elizabeth,Bailey,Morrissey College of Arts & Sciences,2019,ebailey1m@prlog.org,Female,05/31/2005
64769104,Phyllis,Greene,Law School,2020,pgreene1n@ycombinator.com,Female,04/21/1990
47116306,Nicholas,Little,School of Theology & Ministry,2016,nlittle1o@cloudflare.com,Male,04/15/2009
38606192,Sean,Cunningham,Lynch School of Education,2017,scunningham1p@e-recht24.de,Male,07/02/2013
77795764,Matthew,Cole,School of Social Work,2018,mcole1q@earthlink.net,Male,05/21/2006
72463091,Anna,Stanley,Lynch School of Education,2019,astanley1r@bbb.org,Female,09/04/2013
25670912,Steve,Clark,School of Social Work,2020,sclark1s@irs.gov,Male,02/10/1993
23869765,Louis,Hanson,Morrissey College of Arts & Sciences,2016,lhanson1t@google.co.jp,Male,11/03/2013
72844087,Carl,Ross,School of Theology & Ministry,2017,cross1u@seesaa.net,Male,05/24/1998
62199807,Justin,Hawkins,School of Theology & Ministry,2018,jhawkins1v@dmoz.org,Male,10/11/1997
90373979,Fred,Dixon,Connell School of Nursing,2019,fdixon1w@latimes.com,Male,01/30/2008
38757254,Christopher,Alvarez,School of Theology & Ministry,2020,calvarez1x@bloomberg.com,Male,07/06/1997
22743255,Emily,Gibson,Connell School of Nursing,2016,egibson1y@infoseek.co.jp,Female,02/22/1998
88084146,Diane,Arnold,Morrissey College of Arts & Sciences,2017,darnold1z@comsenz.com,Female,09/22/2015
77969522,Marilyn,Cole,Woods College of Advancing Studies,2018,mcole20@booking.com,Female,09/16/2011
94923601,Janet,Ferguson,School of Theology & Ministry,2019,jferguson21@usatoday.com,Female,07/24/2008
10973344,John,Brooks,Morrissey College of Arts & Sciences,2020,jbrooks22@omniture.com,Male,08/24/2015
26949671,Patricia,Freeman,Law School,2016,pfreeman23@dmoz.org,Female,05/14/2007
04614591,Russell,Martinez,Woods College of Advancing Studies,2017,rmartinez24@msn.com,Male,10/08/2006
75762380,Jason,Sims,Morrissey College of Arts & Sciences,2018,jsims25@bbc.co.uk,Male,02/18/2008
19930931,Mary,King,Connell School of Nursing,2019,mking26@hc360.com,Female,06/11/2005
30357568,Christine,Weaver,School of Social Work,2020,cweaver27@prweb.com,Female,08/19/1994
07057353,Keith,Henry,Woods College of Advancing Studies,2016,khenry28@stanford.edu,Male,04/06/2004
87843276,Kathy,Ferguson,Connell School of Nursing,2017,kferguson29@slashdot.org,Female,02/16/1993
10543653,Tammy,Campbell,Morrissey College of Arts & Sciences,2018,tcampbell2a@imdb.com,Female,03/31/2005
45248114,Laura,Diaz,Carroll School of Management,2019,ldiaz2b@howstuffworks.com,Female,12/08/1997
90962290,Ruth,Carr,School of Social Work,2020,rcarr2c@prweb.com,Female,01/31/2004
99355036,George,Willis,Law School,2016,gwillis2d@infoseek.co.jp,Male,12/18/2005
85285484,Larry,Day,Woods College of Advancing Studies,2017,lday2e@scientificamerican.com,Male,02/10/2000
93525917,Virginia,Reed,Woods College of Advancing Studies,2018,vreed2f@bandcamp.com,Female,12/12/2006
38771697,Kathy,Johnston,Morrissey College of Arts & Sciences,2019,kjohnston2g@marketwatch.com,Female,01/09/1998
70106701,Heather,Ramos,Carroll School of Management,2020,hramos2h@ox.ac.uk,Female,08/18/2012
55359348,Jose,Burke,Lynch School of Education,2016,jburke2i@webmd.com,Male,06/26/2001
03375434,Susan,Butler,Connell School of Nursing,2017,sbutler2j@google.com.au,Female,06/13/2000
19177750,Carlos,Hunter,School of Social Work,2018,chunter2k@tripadvisor.com,Male,04/13/2005
46753558,Philip,Burton,Lynch School of Education,2019,pburton2l@t-online.de,Male,01/13/1995
20152817,Todd,Washington,Carroll School of Management,2020,twashington2m@ucoz.ru,Male,12/20/1996
29607242,Jose,Mccoy,Carroll School of Management,2016,jmccoy2n@pinterest.com,Male,06/04/1995
95346070,Robin,Mccoy,Lynch School of Education,2017,rmccoy2o@spotify.com,Female,11/08/1994
76156418,Joan,Washington,Carroll School of Management,2018,jwashington2p@dailymotion.com,Female,10/16/2001
43758081,Eugene,Mills,Carroll School of Management,2019,emills2q@g.co,Male,10/01/2010
54694797,Diane,Arnold,Woods College of Advancing Studies,2020,darnold2r@usnews.com,Female,06/04/2011
22809597,Albert,Armstrong,Morrissey College of Arts & Sciences,2016,aarmstrong2s@reuters.com,Male,03/08/1992
19332858,Carol,Hudson,Lynch School of Education,2017,chudson2t@epa.gov,Female,01/17/2010
60934319,Steve,Green,School of Social Work,2018,sgreen2u@bloomberg.com,Male,10/05/2005
60934972,Joseph,Morris,School of Social Work,2019,jmorris2v@hhs.gov,Male,01/14/1992
29058682,Jane,Garcia,Carroll School of Management,2020,jgarcia2w@w3.org,Female,01/02/1993
87337924,Theresa,Nguyen,School of Social Work,2016,tnguyen2x@cnbc.com,Female,08/03/1994
39928894,Lori,Chavez,School of Social Work,2017,lchavez2y@uol.com.br,Female,01/06/1998
76750589,Bonnie,Bell,School of Theology & Ministry,2018,bbell2z@blogs.com,Female,05/10/1994
37051893,Deborah,Dixon,Law School,2019,ddixon30@kickstarter.com,Female,05/07/1991
46332423,Mary,Stone,School of Theology & Ministry,2020,mstone31@jalbum.net,Female,08/12/2008
77870133,Julia,Phillips,Morrissey College of Arts & Sciences,2016,jphillips32@dropbox.com,Female,08/01/1996
17538967,Ann,Nelson,Carroll School of Management,2017,anelson33@cloudflare.com,Female,11/03/1990
10317586,Scott,Rice,Lynch School of Education,2018,srice34@lulu.com,Male,05/29/2001
81185998,Benjamin,Griffin,Law School,2019,bgriffin35@geocities.jp,Male,05/23/2002
20298441,Sean,Bennett,Law School,2020,sbennett36@unicef.org,Male,05/01/1994
43131007,Louise,Hanson,Woods College of Advancing Studies,2016,lhanson37@artisteer.com,Female,04/11/2014
34857062,Edward,Olson,School of Social Work,2017,eolson38@goo.ne.jp,Male,03/13/2010
55189866,Howard,Franklin,Woods College of Advancing Studies,2018,hfranklin39@bloglovin.com,Male,12/09/1995
87095613,Julie,Martin,School of Social Work,2019,jmartin3a@si.edu,Female,07/31/1991
37112322,Peter,Mccoy,Woods College of Advancing Studies,2020,pmccoy3b@kickstarter.com,Male,11/09/1993
42363958,Patrick,Gonzalez,Connell School of Nursing,2016,pgonzalez3c@marriott.com,Male,09/10/1998
77632242,Martha,Harvey,School of Theology & Ministry,2017,mharvey3d@ihg.com,Female,01/17/1994
22301186,Roy,Morris,Connell School of Nursing,2018,rmorris3e@army.mil,Male,03/09/1998
72167240,Mark,Schmidt,School of Theology & Ministry,2019,mschmidt3f@purevolume.com,Male,01/05/1991
41022241,Susan,Gutierrez,Morrissey College of Arts & Sciences,2020,sgutierrez3g@devhub.com,Female,04/24/2004
15062928,Eric,Henry,Lynch School of Education,2016,ehenry3h@elpais.com,Male,04/07/2001
86105840,Gregory,Gray,Lynch School of Education,2017,ggray3i@prnewswire.com,Male,01/08/2002
61173667,Stephen,Stewart,Carroll School of Management,2018,sstewart3j@cmu.edu,Male,06/29/2005
49244676,Harry,Williams,Lynch School of Education,2019,hwilliams3k@google.com.br,Male,05/29/2011
63310318,Anthony,Patterson,School of Social Work,2020,apatterson3l@reuters.com,Male,08/12/2004
20043030,Catherine,Hamilton,School of Theology & Ministry,2016,chamilton3m@zimbio.com,Female,07/27/2006
18823889,Julie,Olson,Morrissey College of Arts & Sciences,2017,jolson3n@shareasale.com,Female,09/20/1997
90421563,Dorothy,Miller,Carroll School of Management,2018,dmiller3o@home.pl,Female,10/07/2000
74350997,Steven,Martin,Morrissey College of Arts & Sciences,2019,smartin3p@t-online.de,Male,07/30/2015
74006621,Brian,Watson,Carroll School of Management,2020,bwatson3q@drupal.org,Male,04/12/2003
05451903,Judith,Alexander,Woods College of Advancing Studies,2016,jalexander3r@themeforest.net,Female,11/14/2010
22482750,Eric,Perez,School of Social Work,2017,eperez3s@amazon.co.jp,Male,06/02/1994
55505795,Michelle,Parker,Lynch School of Education,2018,mparker3t@guardian.co.uk,Female,02/29/1996
88840170,Mary,Morales,Law School,2019,mmorales3u@businessweek.com,Female,06/14/1991
50932485,Anna,Thomas,Lynch School of Education,2020,athomas3v@ox.ac.uk,Female,06/30/2002
30788260,Dennis,Black,Connell School of Nursing,2016,dblack3w@ed.gov,Male,04/07/2012
33506430,Eric,Rice,School of Theology & Ministry,2017,erice3x@smugmug.com,Male,06/15/2010
89882114,Sharon,Ward,Woods College of Advancing Studies,2018,sward3y@si.edu,Female,09/11/1994
06263321,Dorothy,Snyder,Law School,2019,dsnyder3z@aboutads.info,Female,09/19/2008
15181957,Thomas,Campbell,School of Social Work,2020,tcampbell40@networksolutions.com,Male,03/18/2001
68360797,Samuel,Robertson,School of Social Work,2016,srobertson41@sourceforge.net,Male,08/15/2008
48642241,Kathleen,Ramirez,Connell School of Nursing,2017,kramirez42@google.es,Female,08/14/2013
60135617,Martha,Carr,Carroll School of Management,2018,mcarr43@examiner.com,Female,11/22/1996
44115499,Christina,Spencer,Woods College of Advancing Studies,2019,cspencer44@bloglovin.com,Female,01/29/2014
90972403,Albert,Stevens,Connell School of Nursing,2020,astevens45@globo.com,Male,02/06/2001
10812133,Kevin,Scott,School of Theology & Ministry,2016,kscott46@pbs.org,Male,05/19/2004
41197705,Sarah,Green,School of Social Work,2017,sgreen47@spotify.com,Female,06/02/1993
55775644,Louis,Thomas,Morrissey College of Arts & Sciences,2018,lthomas48@usa.gov,Male,11/08/2014
89848978,Ernest,Harris,School of Theology & Ministry,2019,eharris49@1688.com,Male,11/23/2015
45177248,Keith,Franklin,School of Social Work,2020,kfranklin4a@miitbeian.gov.cn,Male,04/07/2001
30155947,Eugene,Brooks,Carroll School of Management,2016,ebrooks4b@mlb.com,Male,10/14/1993
73147794,Roger,Gardner,School of Theology & Ministry,2017,rgardner4c@cornell.edu,Male,10/14/1997
82281115,Roy,Harrison,Carroll School of Management,2018,rharrison4d@deviantart.com,Male,02/18/2008
78002621,Scott,Anderson,Connell School of Nursing,2019,sanderson4e@twitpic.com,Male,10/18/2007
16141155,Samuel,Bradley,School of Theology & Ministry,2020,sbradley4f@sciencedaily.com,Male,12/02/2004
69067464,Phillip,Ford,Morrissey College of Arts & Sciences,2016,pford4g@loc.gov,Male,12/28/2011
17482230,Denise,Spencer,Law School,2017,dspencer4h@fema.gov,Female,02/07/2003
13156128,Virginia,Bell,Law School,2018,vbell4i@exblog.jp,Female,03/17/2000
38780150,Ryan,Jordan,Connell School of Nursing,2019,rjordan4j@google.com.br,Male,08/14/2011
95744023,Nicholas,Riley,Connell School of Nursing,2020,nriley4k@histats.com,Male,03/08/2000
91892319,Adam,Owens,Connell School of Nursing,2016,aowens4l@phpbb.com,Male,06/29/1995
57495219,Robert,Washington,School of Theology & Ministry,2017,rwashington4m@wikispaces.com,Male,04/25/2015
65688078,Ruby,Robinson,School of Social Work,2018,rrobinson4n@businessinsider.com,Female,07/19/2008
16933904,Michelle,Jenkins,Carroll School of Management,2019,mjenkins4o@home.pl,Female,09/27/1993
71917285,Stephen,Burke,Woods College of Advancing Studies,2020,sburke4p@mediafire.com,Male,06/03/1991
04342478,Jean,Perkins,School of Theology & Ministry,2016,jperkins4q@si.edu,Female,05/10/2008
03477526,Wayne,Williamson,Lynch School of Education,2017,wwilliamson4r@yahoo.com,Male,06/28/2011
54790236,Kenneth,Adams,Lynch School of Education,2018,kadams4s@google.ru,Male,12/26/1997
53996222,Beverly,Medina,Law School,2019,bmedina4t@amazon.co.jp,Female,12/31/1992
23198093,Michelle,Stevens,Woods College of Advancing Studies,2020,mstevens4u@shutterfly.com,Female,03/11/1991
22443453,Joshua,Ruiz,School of Social Work,2016,jruiz4v@bigcartel.com,Male,01/31/2004
79145865,Joe,Morris,Connell School of Nursing,2017,jmorris4w@eventbrite.com,Male,08/03/2001
09024293,Sean,Reed,Carroll School of Management,2018,sreed4x@go.com,Male,10/13/2009
69519098,Joan,Ruiz,Law School,2019,jruiz4y@newyorker.com,Female,11/08/1998
05084177,Nicholas,Wagner,School of Theology & Ministry,2020,nwagner4z@telegraph.co.uk,Male,03/01/2002
53537849,Rebecca,Kim,School of Theology & Ministry,2016,rkim50@ocn.ne.jp,Female,03/08/2001
22760801,Kathy,Barnes,School of Social Work,2017,kbarnes51@github.com,Female,08/09/2003
76775851,Douglas,Welch,School of Social Work,2018,dwelch52@seesaa.net,Male,04/25/2012
60059792,Earl,Howell,Lynch School of Education,2019,ehowell53@mysql.com,Male,01/20/2008
88068226,Sandra,Harris,Law School,2020,sharris54@illinois.edu,Female,01/15/2014
15929299,Carol,Austin,Carroll School of Management,2016,caustin55@unicef.org,Female,02/14/1991
13090809,Matthew,Wallace,School of Theology & Ministry,2017,mwallace56@oaic.gov.au,Male,03/13/2014
83470275,Arthur,Henry,School of Theology & Ministry,2018,ahenry57@wiley.com,Male,11/09/1997
14726427,Donald,Mcdonald,Lynch School of Education,2019,dmcdonald58@google.ca,Male,07/04/1999
45616929,Melissa,Burton,School of Theology & Ministry,2020,mburton59@cafepress.com,Female,12/20/1993
41356516,Philip,Black,School of Social Work,2016,pblack5a@4shared.com,Male,02/12/2008
03184645,Christina,Hayes,Morrissey College of Arts & Sciences,2017,chayes5b@usa.gov,Female,09/16/2015
19872941,Samuel,Garcia,Law School,2018,sgarcia5c@de.vu,Male,12/04/1990
41078467,Brian,Wagner,Morrissey College of Arts & Sciences,2019,bwagner5d@hatena.ne.jp,Male,05/24/1998
99577596,Robert,Frazier,Lynch School of Education,2020,rfrazier5e@moonfruit.com,Male,06/25/2000
48174676,Brenda,Frazier,Connell School of Nursing,2016,bfrazier5f@usatoday.com,Female,08/31/1992
40431238,Kelly,Johnson,Lynch School of Education,2017,kjohnson5g@netlog.com,Female,05/29/1990
13706640,Henry,Green,Carroll School of Management,2018,hgreen5h@live.com,Male,01/26/1999
64823087,Shirley,Hill,Morrissey College of Arts & Sciences,2019,shill5i@uiuc.edu,Female,04/07/2011
32563378,Wanda,Sims,Law School,2020,wsims5j@sourceforge.net,Female,02/01/2000
15551665,Joe,Butler,Carroll School of Management,2016,jbutler5k@ning.com,Male,07/01/1997
84812060,Andrea,Sullivan,School of Theology & Ministry,2017,asullivan5l@ustream.tv,Female,11/10/2005
88529867,Harry,Daniels,School of Social Work,2018,hdaniels5m@constantcontact.com,Male,07/24/2007
31918183,Dorothy,Jones,Carroll School of Management,2019,djones5n@si.edu,Female,01/17/1998
01577090,Billy,Cox,Carroll School of Management,2020,bcox5o@answers.com,Male,10/28/2015
04065897,Mary,Davis,School of Theology & Ministry,2016,mdavis5p@rambler.ru,Female,12/22/2002
60432943,Michael,Andrews,Morrissey College of Arts & Sciences,2017,mandrews5q@time.com,Male,12/16/1997
77645110,Margaret,Andrews,Woods College of Advancing Studies,2018,mandrews5r@github.com,Female,06/09/2008
87262289,Russell,Young,Connell School of Nursing,2019,ryoung5s@craigslist.org,Male,04/04/2015
10406468,Louis,Rose,Carroll School of Management,2020,lrose5t@timesonline.co.uk,Male,04/03/2009
84816643,Gloria,Moreno,Woods College of Advancing Studies,2016,gmoreno5u@issuu.com,Female,10/16/2014
19941458,Kathryn,Burke,School of Social Work,2017,kburke5v@jimdo.com,Female,07/22/2009
35424342,Roger,Edwards,Law School,2018,redwards5w@51.la,Male,08/18/2009
98790469,Marilyn,Washington,Carroll School of Management,2019,mwashington5x@ocn.ne.jp,Female,08/22/1997
95740120,Samuel,Weaver,Lynch School of Education,2020,sweaver5y@dailymail.co.uk,Male,10/20/2000
74644770,Willie,Ellis,Lynch School of Education,2016,wellis5z@clickbank.net,Male,11/20/2009
82747107,Susan,Porter,Morrissey College of Arts & Sciences,2017,sporter60@naver.com,Female,07/13/2008
30539364,Katherine,Perry,School of Social Work,2018,kperry61@t.co,Female,04/08/2004
76490391,Ernest,Harris,Woods College of Advancing Studies,2019,eharris62@dot.gov,Male,03/09/2011
24143189,Walter,Olson,School of Social Work,2020,wolson63@senate.gov,Male,09/06/2007
97374374,Evelyn,Burke,Woods College of Advancing Studies,2016,eburke64@123-reg.co.uk,Female,12/03/1992
14825386,Thomas,Rice,School of Theology & Ministry,2017,trice65@webnode.com,Male,12/15/2009
58179072,Lori,Cunningham,Lynch School of Education,2018,lcunningham66@washingtonpost.com,Female,12/14/2013
12659138,Theresa,Fields,Carroll School of Management,2019,tfields67@webmd.com,Female,03/11/1999
47087700,Kelly,Schmidt,School of Social Work,2020,kschmidt68@clickbank.net,Female,02/19/2000
67146112,Joe,Alexander,School of Social Work,2016,jalexander69@mit.edu,Male,01/04/1998
35043466,Robert,Myers,Morrissey College of Arts & Sciences,2017,rmyers6a@w3.org,Male,07/17/2007
72810125,Timothy,Bryant,Connell School of Nursing,2018,tbryant6b@google.it,Male,05/28/1994
83672790,Martin,Perkins,Lynch School of Education,2019,mperkins6c@parallels.com,Male,11/30/2008
25145040,Todd,Crawford,Morrissey College of Arts & Sciences,2020,tcrawford6d@oaic.gov.au,Male,04/15/2006
86960170,Judith,Robertson,Carroll School of Management,2016,jrobertson6e@hhs.gov,Female,06/08/2003
01217825,Cynthia,Flores,Lynch School of Education,2017,cflores6f@fda.gov,Female,04/21/2013
06131360,Ruby,Perez,School of Social Work,2018,rperez6g@last.fm,Female,11/27/2000
71996420,Paul,Wheeler,Law School,2019,pwheeler6h@prweb.com,Male,03/27/2014
83070544,Clarence,Cooper,School of Social Work,2020,ccooper6i@comsenz.com,Male,07/14/1994
29061877,Barbara,Elliott,Connell School of Nursing,2016,belliott6j@oracle.com,Female,08/14/2014
90782211,Marilyn,Coleman,Morrissey College of Arts & Sciences,2017,mcoleman6k@rambler.ru,Female,09/14/2009
98361436,Aaron,Knight,School of Social Work,2018,aknight6l@mapquest.com,Male,06/07/2015
59896474,Victor,Davis,Woods College of Advancing Studies,2019,vdavis6m@booking.com,Male,09/06/1998
87454266,Henry,Nelson,Connell School of Nursing,2020,hnelson6n@blog.com,Male,03/18/1992
41103377,Walter,Taylor,School of Social Work,2016,wtaylor6o@ezinearticles.com,Male,09/07/1999
19493887,Robin,Tucker,School of Social Work,2017,rtucker6p@state.gov,Female,12/26/2000
51288855,Robert,Rodriguez,Lynch School of Education,2018,rrodriguez6q@omniture.com,Male,02/27/1995
06431739,Ruth,Day,Law School,2019,rday6r@msu.edu,Female,10/24/1994
14113766,Linda,Reed,Law School,2020,lreed6s@java.com,Female,05/03/1991
55054754,Billy,Oliver,Law School,2016,boliver6t@uiuc.edu,Male,08/17/2009
48169406,Ruby,Nichols,School of Social Work,2017,rnichols6u@cargocollective.com,Female,01/15/1999
17830382,Marilyn,Morales,Lynch School of Education,2018,mmorales6v@chronoengine.com,Female,05/24/2000
58651740,Robert,Ferguson,Connell School of Nursing,2019,rferguson6w@nifty.com,Male,03/03/1994
28209755,Amy,Stephens,Connell School of Nursing,2020,astephens6x@ameblo.jp,Female,05/30/2006
72232782,Teresa,Burke,Connell School of Nursing,2016,tburke6y@tmall.com,Female,09/27/2010
18654651,Harold,Morrison,Morrissey College of Arts & Sciences,2017,hmorrison6z@usnews.com,Male,02/05/1998
19863539,Virginia,Jordan,School of Theology & Ministry,2018,vjordan70@1688.com,Female,07/12/1999
94955778,Evelyn,Rogers,Morrissey College of Arts & Sciences,2019,erogers71@cafepress.com,Female,03/05/1992
01770841,Cynthia,Gomez,Morrissey College of Arts & Sciences,2020,cgomez72@cbslocal.com,Female,10/10/1990
31999190,Ruby,Evans,Law School,2016,revans73@chronoengine.com,Female,08/19/2007
13420473,Kathryn,Torres,Connell School of Nursing,2017,ktorres74@artisteer.com,Female,05/03/2008
69686009,Bonnie,Bryant,School of Theology & Ministry,2018,bbryant75@dell.com,Female,01/09/1998
04075796,Ronald,Thomas,School of Social Work,2019,rthomas76@howstuffworks.com,Male,11/28/1992
30035067,Nancy,Mason,School of Social Work,2020,nmason77@fda.gov,Female,04/07/2004
57830075,Barbara,Reed,Morrissey College of Arts & Sciences,2016,breed78@dedecms.com,Female,10/03/1994
03371672,Kenneth,Montgomery,Woods College of Advancing Studies,2017,kmontgomery79@vk.com,Male,04/07/1996
72317926,Harry,Clark,Lynch School of Education,2018,hclark7a@cnet.com,Male,01/01/1994
26745499,Steven,Gutierrez,Lynch School of Education,2019,sgutierrez7b@opensource.org,Male,01/30/1991
65774056,Anne,Andrews,Carroll School of Management,2020,aandrews7c@chronoengine.com,Female,12/24/1995
36244071,Daniel,Watkins,Morrissey College of Arts & Sciences,2016,dwatkins7d@bloomberg.com,Male,07/29/1993
90655182,Barbara,Martin,Carroll School of Management,2017,bmartin7e@google.com.br,Female,10/17/2014
38609785,Martha,Miller,Woods College of Advancing Studies,2018,mmiller7f@purevolume.com,Female,06/18/1991
59203647,Carolyn,Alvarez,Morrissey College of Arts & Sciences,2019,calvarez7g@foxnews.com,Female,01/04/2016
69284415,Marilyn,George,School of Social Work,2020,mgeorge7h@trellian.com,Female,04/27/1999
26682399,Gerald,Ellis,Woods College of Advancing Studies,2016,gellis7i@google.co.jp,Male,07/01/2008
82422820,Barbara,Carpenter,School of Theology & Ministry,2017,bcarpenter7j@uiuc.edu,Female,08/12/2011
28912090,Ryan,Medina,School of Theology & Ministry,2018,rmedina7k@hao123.com,Male,12/26/2008
14481745,Bruce,Stanley,Connell School of Nursing,2019,bstanley7l@trellian.com,Male,10/27/2000
19661088,Denise,Walker,School of Theology & Ministry,2020,dwalker7m@ca.gov,Female,12/10/2005
71814032,Jimmy,Dixon,School of Theology & Ministry,2016,jdixon7n@china.com.cn,Male,09/28/1990
67061762,Robert,Taylor,School of Theology & Ministry,2017,rtaylor7o@amazon.co.jp,Male,02/09/2003
51790909,Louise,Edwards,Woods College of Advancing Studies,2018,ledwards7p@dyndns.org,Female,06/02/1990
01993498,Roy,Johnston,Law School,2019,rjohnston7q@csmonitor.com,Male,02/01/2012
29058757,Jerry,Cooper,School of Theology & Ministry,2020,jcooper7r@bloomberg.com,Male,03/23/2002
19888913,Jerry,Gardner,Morrissey College of Arts & Sciences,2016,jgardner7s@so-net.ne.jp,Male,09/21/2004
47283162,Charles,Chapman,Connell School of Nursing,2017,cchapman7t@wikipedia.org,Male,10/10/1999
24430140,Jason,Richards,Law School,2018,jrichards7u@eventbrite.com,Male,10/19/2003
39008527,Donna,Bryant,School of Social Work,2019,dbryant7v@cdc.gov,Female,02/02/2004
90002885,Shirley,Williamson,Carroll School of Management,2020,swilliamson7w@photobucket.com,Female,10/23/1995
79778627,Benjamin,Webb,Connell School of Nursing,2016,bwebb7x@edublogs.org,Male,08/06/1996
30249140,Charles,Foster,Law School,2017,cfoster7y@over-blog.com,Male,10/12/2002
59360445,Jonathan,Payne,School of Social Work,2018,jpayne7z@google.co.jp,Male,05/16/2013
67099238,Raymond,Cox,Woods College of Advancing Studies,2019,rcox80@arizona.edu,Male,02/02/1997
01462973,Julia,Sullivan,Lynch School of Education,2020,jsullivan81@vk.com,Female,12/27/2006
16386589,Emily,Edwards,Connell School of Nursing,2016,eedwards82@ucoz.com,Female,09/13/2005
17219631,Lori,Graham,Connell School of Nursing,2017,lgraham83@amazon.co.uk,Female,03/11/2006
98005241,Marilyn,Wood,Carroll School of Management,2018,mwood84@dropbox.com,Female,09/10/2000
30395496,Henry,Owens,Connell School of Nursing,2019,howens85@etsy.com,Male,07/31/2007
85759979,Virginia,Black,Carroll School of Management,2020,vblack86@examiner.com,Female,07/21/2005
54851862,Eric,Brown,Lynch School of Education,2016,ebrown87@indiatimes.com,Male,05/16/2000
51995561,Sean,Mendoza,Woods College of Advancing Studies,2017,smendoza88@princeton.edu,Male,11/05/2010
08590913,Albert,Adams,Morrissey College of Arts & Sciences,2018,aadams89@godaddy.com,Male,11/13/2001
50262246,Philip,White,Lynch School of Education,2019,pwhite8a@pcworld.com,Male,05/28/2010
31981534,Emily,Daniels,School of Social Work,2020,edaniels8b@baidu.com,Female,01/29/2007
41981547,Earl,Carter,School of Theology & Ministry,2016,ecarter8c@purevolume.com,Male,06/26/1999
54457639,Cheryl,Johnston,Woods College of Advancing Studies,2017,cjohnston8d@blogs.com,Female,05/12/1995
93232492,Ralph,Ruiz,School of Social Work,2018,rruiz8e@netlog.com,Male,09/02/1997
02681013,Keith,Phillips,Carroll School of Management,2019,kphillips8f@yelp.com,Male,03/13/2000
54776623,Anthony,Fuller,School of Social Work,2020,afuller8g@vkontakte.ru,Male,12/30/1996
16633384,Jane,Palmer,Carroll School of Management,2016,jpalmer8h@webmd.com,Female,04/21/2007
20148103,Ruth,Williams,Carroll School of Management,2017,rwilliams8i@zimbio.com,Female,08/19/1995
08952340,Robin,Mitchell,Morrissey College of Arts & Sciences,2018,rmitchell8j@chicagotribune.com,Female,12/08/2002
29633256,Peter,Wallace,Connell School of Nursing,2019,pwallace8k@devhub.com,Male,09/30/2005
96978409,Anthony,Mitchell,School of Social Work,2020,amitchell8l@yolasite.com,Male,09/06/2014
12287986,John,Clark,School of Social Work,2016,jclark8m@icio.us,Male,05/30/2005
24657204,Brenda,Marshall,Law School,2017,bmarshall8n@blogtalkradio.com,Female,09/28/2000
10258643,Paula,Ryan,Morrissey College of Arts & Sciences,2018,pryan8o@google.com.hk,Female,11/16/2007
35449907,Patrick,Sanchez,Law School,2019,psanchez8p@auda.org.au,Male,11/29/1992
59110725,Randy,Harrison,Lynch School of Education,2020,rharrison8q@xinhuanet.com,Male,10/10/2012
38782422,Timothy,Frazier,Woods College of Advancing Studies,2016,tfrazier8r@ezinearticles.com,Male,12/28/2005
40108863,Lisa,Garza,School of Theology & Ministry,2017,lgarza8s@washington.edu,Female,04/22/2007
51754475,Jason,Walker,Lynch School of Education,2018,jwalker8t@hubpages.com,Male,10/17/2003
80339198,Timothy,Hicks,Morrissey College of Arts & Sciences,2019,thicks8u@cnet.com,Male,08/30/2010
23513901,Karen,Bryant,Woods College of Advancing Studies,2020,kbryant8v@sohu.com,Female,05/17/1994
88913079,Andrea,Henderson,Lynch School of Education,2016,ahenderson8w@ca.gov,Female,08/17/2007
99240977,Ralph,Russell,School of Social Work,2017,rrussell8x@cafepress.com,Male,03/30/2000
08089624,Frances,Carroll,Law School,2018,fcarroll8y@ibm.com,Female,07/03/2014
45028767,Craig,Gordon,School of Theology & Ministry,2019,cgordon8z@webmd.com,Male,05/03/2005
13312234,Dorothy,Rodriguez,Connell School of Nursing,2020,drodriguez90@fotki.com,Female,12/12/2009
30454754,Carl,Wilson,Law School,2016,cwilson91@state.gov,Male,07/07/1995
76991392,Paul,Stevens,Woods College of Advancing Studies,2017,pstevens92@zdnet.com,Male,11/17/1995
73689468,Randy,White,Law School,2018,rwhite93@miibeian.gov.cn,Male,08/16/1991
38141050,Frank,Torres,Morrissey College of Arts & Sciences,2019,ftorres94@mlb.com,Male,09/11/1996
78263020,Marilyn,Watkins,School of Theology & Ministry,2020,mwatkins95@irs.gov,Female,11/23/1992
81875358,Gregory,Ferguson,Connell School of Nursing,2016,gferguson96@sohu.com,Male,03/09/2000
71704055,Amanda,Roberts,Connell School of Nursing,2017,aroberts97@nba.com,Female,01/24/2014
80768316,Bobby,Morgan,Lynch School of Education,2018,bmorgan98@blinklist.com,Male,11/29/2001
15922345,Christopher,Parker,School of Social Work,2019,cparker99@nasa.gov,Male,12/11/2012
80905242,Wanda,Cooper,School of Theology & Ministry,2020,wcooper9a@storify.com,Female,02/26/2010
72948727,Paula,Pierce,School of Social Work,2016,ppierce9b@yandex.ru,Female,03/04/2006
63194175,Peter,Clark,Lynch School of Education,2017,pclark9c@ycombinator.com,Male,02/01/2013
76621621,Beverly,Richards,Carroll School of Management,2018,brichards9d@pen.io,Female,07/26/1990
04539147,Rachel,Lopez,Woods College of Advancing Studies,2019,rlopez9e@deviantart.com,Female,10/02/2004
20922413,Julia,Pierce,Connell School of Nursing,2020,jpierce9f@stumbleupon.com,Female,10/22/2008
81936185,Phyllis,Carroll,Law School,2016,pcarroll9g@cargocollective.com,Female,08/20/2003
33290694,Eric,Hanson,School of Social Work,2017,ehanson9h@cnet.com,Male,09/07/1991
52977786,Rachel,Moreno,Woods College of Advancing Studies,2018,rmoreno9i@wired.com,Female,11/02/2012
87523054,Laura,Hunt,School of Theology & Ministry,2019,lhunt9j@nationalgeographic.com,Female,01/16/2003
50000003,Robin,Morgan,Connell School of Nursing,2020,rmorgan9k@rakuten.co.jp,Female,09/27/2000
38324463,Thomas,Bradley,School of Social Work,2016,tbradley9l@indiegogo.com,Male,05/31/1992
33210978,Paul,Johnson,Law School,2017,pjohnson9m@loc.gov,Male,08/27/2014
62644677,Bobby,Cooper,Morrissey College of Arts & Sciences,2018,bcooper9n@pbs.org,Male,10/17/1999
08610335,Peter,Graham,Law School,2019,pgraham9o@newsvine.com,Male,01/14/2010
24946427,Joshua,Stanley,Connell School of Nursing,2020,jstanley9p@skyrock.com,Male,05/20/2001
95614309,Eric,Cox,School of Social Work,2016,ecox9q@addthis.com,Male,07/05/2013
85016630,Jose,Reyes,Law School,2017,jreyes9r@ow.ly,Male,03/30/1996
55397961,Jane,Washington,Carroll School of Management,2018,jwashington9s@yahoo.com,Female,07/24/1991
54971151,Phillip,Watkins,School of Social Work,2019,pwatkins9t@dion.ne.jp,Male,12/29/2010
00776976,Russell,Walker,Law School,2020,rwalker9u@japanpost.jp,Male,06/11/1990
20959022,Peter,Wood,Lynch School of Education,2016,pwood9v@omniture.com,Male,07/25/2000
89249583,Patricia,Peterson,Lynch School of Education,2017,ppeterson9w@goo.ne.jp,Female,11/06/2008
71890142,Steve,Powell,Lynch School of Education,2018,spowell9x@mlb.com,Male,03/17/1995
20897797,Paula,Greene,Woods College of Advancing Studies,2019,pgreene9y@cdc.gov,Female,03/23/1998
59224932,Mark,Wright,Morrissey College of Arts & Sciences,2020,mwright9z@skyrock.com,Male,02/27/1991
27642875,Ruby,Robinson,Morrissey College of Arts & Sciences,2016,rrobinsona0@pcworld.com,Female,01/20/2011
60523515,Edward,Washington,Connell School of Nursing,2017,ewashingtona1@buzzfeed.com,Male,07/17/1998
41877075,Steve,Lawrence,School of Social Work,2018,slawrencea2@scribd.com,Male,11/02/1991
47617747,David,Johnston,Woods College of Advancing Studies,2019,djohnstona3@yelp.com,Male,07/06/2011
51075839,Jeremy,Kelley,Connell School of Nursing,2020,jkelleya4@reference.com,Male,08/06/2014
77833046,Tammy,Simpson,Woods College of Advancing Studies,2016,tsimpsona5@printfriendly.com,Female,05/15/2005
11950628,George,Martin,Law School,2017,gmartina6@nasa.gov,Male,10/10/2001
27364333,Michael,Welch,Connell School of Nursing,2018,mwelcha7@youtube.com,Male,06/17/2011
44263318,Kelly,Knight,Law School,2019,kknighta8@seesaa.net,Female,09/14/1999
90742080,Evelyn,Dunn,Connell School of Nursing,2020,edunna9@weebly.com,Female,07/08/2001
91487924,Susan,Bradley,Lynch School of Education,2016,sbradleyaa@wired.com,Female,12/29/1994
81933336,Fred,Miller,School of Theology & Ministry,2017,fmillerab@comsenz.com,Male,01/28/2016
88013426,Edward,Snyder,Carroll School of Management,2018,esnyderac@columbia.edu,Male,12/27/2005
27850823,Denise,Armstrong,School of Social Work,2019,darmstrongad@ucoz.ru,Female,01/02/2009
67521716,Raymond,Perkins,Woods College of Advancing Studies,2020,rperkinsae@pinterest.com,Male,03/08/2010
24284423,Justin,Hughes,Carroll School of Management,2016,jhughesaf@salon.com,Male,09/07/1990
55141280,Antonio,Simmons,Law School,2017,asimmonsag@umn.edu,Male,11/12/2003
28289762,Eric,Stevens,Lynch School of Education,2018,estevensah@sitemeter.com,Male,02/02/2005
63840572,Nicholas,Peters,School of Social Work,2019,npetersai@npr.org,Male,05/11/2009
37780356,Jesse,Wood,School of Social Work,2020,jwoodaj@sphinn.com,Male,08/21/1994
64515132,Mildred,Stanley,Law School,2016,mstanleyak@soundcloud.com,Female,04/25/2006
85792654,Tammy,Franklin,School of Social Work,2017,tfranklinal@sitemeter.com,Female,03/07/1993
17417622,Emily,Carter,Carroll School of Management,2018,ecarteram@flavors.me,Female,06/06/1997
41121643,Joshua,Dixon,Carroll School of Management,2019,jdixonan@simplemachines.org,Male,08/14/1996
32436423,Judith,Robinson,Carroll School of Management,2020,jrobinsonao@ycombinator.com,Female,08/11/1997
77606689,Wayne,Boyd,School of Theology & Ministry,2016,wboydap@cmu.edu,Male,11/02/1991
16527816,Christine,Meyer,Morrissey College of Arts & Sciences,2017,cmeyeraq@wunderground.com,Female,09/25/1991
50157205,Theresa,Turner,Morrissey College of Arts & Sciences,2018,tturnerar@cdbaby.com,Female,02/03/1998
20322220,Anna,Romero,Morrissey College of Arts & Sciences,2019,aromeroas@weibo.com,Female,06/26/2007
29905438,Ruby,Carr,Woods College of Advancing Studies,2020,rcarrat@topsy.com,Female,06/02/2011
29503228,Philip,Payne,School of Social Work,2016,ppayneau@kickstarter.com,Male,03/02/2005
86830942,Frances,Morris,Connell School of Nursing,2017,fmorrisav@uiuc.edu,Female,06/02/1991
61918812,Kevin,Woods,School of Social Work,2018,kwoodsaw@mac.com,Male,10/10/1997
02666907,Jose,Gonzalez,Carroll School of Management,2019,jgonzalezax@csmonitor.com,Male,04/30/1999
82479618,Elizabeth,Campbell,School of Social Work,2020,ecampbellay@usgs.gov,Female,07/13/1991
73322981,Kathryn,Frazier,School of Social Work,2016,kfrazieraz@answers.com,Female,04/29/2004
99974915,Anne,Walker,School of Social Work,2017,awalkerb0@msn.com,Female,11/16/1991
94035492,Denise,Fields,Law School,2018,dfieldsb1@ted.com,Female,08/02/2008
61909644,Jason,Wallace,Connell School of Nursing,2019,jwallaceb2@desdev.cn,Male,04/18/1995
50615281,Henry,Austin,School of Social Work,2020,haustinb3@wp.com,Male,03/16/1998
90304485,Jean,Sullivan,Woods College of Advancing Studies,2016,jsullivanb4@pcworld.com,Female,05/21/2004
01518122,Jacqueline,Foster,School of Theology & Ministry,2017,jfosterb5@jalbum.net,Female,01/19/2006
17409100,Edward,Meyer,School of Theology & Ministry,2018,emeyerb6@ow.ly,Male,11/29/2010
77840686,Emily,Bennett,Lynch School of Education,2019,ebennettb7@nasa.gov,Female,10/05/2001
37400548,Mildred,Davis,Connell School of Nursing,2020,mdavisb8@nih.gov,Female,08/31/2002
44401971,Keith,West,School of Theology & Ministry,2016,kwestb9@ox.ac.uk,Male,06/02/1990
04534101,Paul,Greene,School of Social Work,2017,pgreeneba@mac.com,Male,12/01/1998
05730598,Catherine,Kim,Law School,2018,ckimbb@un.org,Female,11/02/1999
31617856,Victor,Wells,School of Social Work,2019,vwellsbc@wunderground.com,Male,09/30/2008
78695044,Carol,Bennett,School of Social Work,2020,cbennettbd@over-blog.com,Female,04/19/1997
35986686,Bobby,Hill,Woods College of Advancing Studies,2016,bhillbe@prweb.com,Male,06/19/2007
86345827,Clarence,Cole,School of Theology & Ministry,2017,ccolebf@ca.gov,Male,01/29/2003
93335228,Tina,Garrett,Morrissey College of Arts & Sciences,2018,tgarrettbg@time.com,Female,07/26/1999
75519133,Kelly,Hudson,School of Theology & Ministry,2019,khudsonbh@fotki.com,Female,03/26/2005
81225776,Willie,Carroll,Morrissey College of Arts & Sciences,2020,wcarrollbi@chron.com,Male,03/24/2004
42669055,Daniel,Nelson,School of Theology & Ministry,2016,dnelsonbj@freewebs.com,Male,05/18/1990
99388398,Kathleen,Mcdonald,School of Social Work,2017,kmcdonaldbk@nyu.edu,Female,06/25/1995
46591221,Jane,Campbell,School of Theology & Ministry,2018,jcampbellbl@tiny.cc,Female,02/10/2009
92859713,Robin,Webb,Law School,2019,rwebbbm@buzzfeed.com,Female,05/11/2006
55665057,Marilyn,Hayes,Connell School of Nursing,2020,mhayesbn@wikispaces.com,Female,08/11/2014
57710466,Diana,Powell,School of Theology & Ministry,2016,dpowellbo@diigo.com,Female,10/17/2008
75754318,Sarah,Gomez,School of Social Work,2017,sgomezbp@stumbleupon.com,Female,04/13/1995
23648538,Adam,Franklin,Morrissey College of Arts & Sciences,2018,afranklinbq@wsj.com,Male,03/26/2006
95623653,Ralph,Ferguson,School of Social Work,2019,rfergusonbr@1688.com,Male,11/17/2013
12890521,Gregory,Smith,Carroll School of Management,2020,gsmithbs@cbsnews.com,Male,07/28/2001
20157266,Walter,Robinson,School of Theology & Ministry,2016,wrobinsonbt@ycombinator.com,Male,01/14/2011
10287983,Martha,Jordan,Carroll School of Management,2017,mjordanbu@people.com.cn,Female,05/25/2001
79995962,Raymond,Berry,Law School,2018,rberrybv@loc.gov,Male,10/12/2005
43187480,George,Gray,Connell School of Nursing,2019,ggraybw@homestead.com,Male,11/09/2014
29524494,Roger,Williams,Morrissey College of Arts & Sciences,2020,rwilliamsbx@sun.com,Male,05/24/2014
94065579,Howard,Jenkins,Woods College of Advancing Studies,2016,hjenkinsby@wunderground.com,Male,02/09/2006
94750762,Eugene,Jordan,Law School,2017,ejordanbz@wired.com,Male,09/10/1994
33732849,Sharon,Andrews,School of Social Work,2018,sandrewsc0@parallels.com,Female,09/20/2006
51936131,Virginia,Fisher,Law School,2019,vfisherc1@sbwire.com,Female,09/05/1997
03583954,Henry,Price,Lynch School of Education,2020,hpricec2@elegantthemes.com,Male,06/01/2003
69903111,Eugene,Powell,School of Social Work,2016,epowellc3@theglobeandmail.com,Male,05/16/2011
09572494,Judy,Andrews,Connell School of Nursing,2017,jandrewsc4@phoca.cz,Female,08/10/2002
05430133,Julie,Wood,School of Theology & Ministry,2018,jwoodc5@moonfruit.com,Female,08/21/2010
67506510,Annie,George,Morrissey College of Arts & Sciences,2019,ageorgec6@wikipedia.org,Female,03/23/2007
20746258,Lois,Rose,Woods College of Advancing Studies,2020,lrosec7@nature.com,Female,11/24/2004
10788790,Frances,Nichols,Woods College of Advancing Studies,2016,fnicholsc8@bizjournals.com,Female,02/24/2009
15405780,Johnny,Richards,School of Theology & Ministry,2017,jrichardsc9@shop-pro.jp,Male,11/30/1998
30983602,Michelle,Bennett,Lynch School of Education,2018,mbennettca@uiuc.edu,Female,03/06/1999
06883611,Christine,Smith,Carroll School of Management,2019,csmithcb@chronoengine.com,Female,02/10/2001
92536429,Russell,Arnold,Woods College of Advancing Studies,2020,rarnoldcc@edublogs.org,Male,05/14/1991
29528287,Bruce,Medina,Lynch School of Education,2016,bmedinacd@networksolutions.com,Male,11/05/1994
45727340,Earl,Duncan,Connell School of Nursing,2017,eduncance@baidu.com,Male,07/23/2011
54840503,Jason,Ramirez,Connell School of Nursing,2018,jramirezcf@reference.com,Male,06/15/2002
32798668,Louise,Parker,School of Social Work,2019,lparkercg@google.de,Female,01/04/1998
97603026,Diana,Myers,Morrissey College of Arts & Sciences,2020,dmyersch@huffingtonpost.com,Female,01/19/1996
54564836,Randy,Collins,School of Theology & Ministry,2016,rcollinsci@fastcompany.com,Male,09/09/1999
35831747,Donna,Fox,Morrissey College of Arts & Sciences,2017,dfoxcj@oakley.com,Female,07/13/1993
92295473,Shawn,Walker,Woods College of Advancing Studies,2018,swalkerck@addthis.com,Male,08/05/2006
01860047,Edward,Wallace,Lynch School of Education,2019,ewallacecl@list-manage.com,Male,04/13/2015
37330494,Christopher,King,Woods College of Advancing Studies,2020,ckingcm@disqus.com,Male,03/01/1997
49699887,Judith,Ward,Carroll School of Management,2016,jwardcn@tuttocitta.it,Female,04/16/2000
28532316,Cynthia,Sullivan,Carroll School of Management,2017,csullivanco@comsenz.com,Female,08/04/1995
08666492,Catherine,Cooper,School of Theology & Ministry,2018,ccoopercp@diigo.com,Female,02/14/2010
91350308,Julie,Lane,Connell School of Nursing,2019,jlanecq@jimdo.com,Female,12/17/2013
70470884,Judy,Nichols,Law School,2020,jnicholscr@amazon.co.jp,Female,03/18/1992
01476640,Jonathan,Hudson,Woods College of Advancing Studies,2016,jhudsoncs@comsenz.com,Male,08/12/2010
19874597,Diana,Sullivan,Morrissey College of Arts & Sciences,2017,dsullivanct@biglobe.ne.jp,Female,10/06/2011
62598052,Tammy,Boyd,Law School,2018,tboydcu@webs.com,Female,08/01/2012
14903398,Scott,Wells,Lynch School of Education,2019,swellscv@tiny.cc,Male,07/15/2002
82916788,Teresa,Webb,School of Theology & Ministry,2020,twebbcw@nbcnews.com,Female,10/16/2001
80714556,Ruby,Jacobs,Lynch School of Education,2016,rjacobscx@hhs.gov,Female,08/04/2009
17071227,John,Burke,School of Social Work,2017,jburkecy@unblog.fr,Male,08/04/2011
66751783,Joseph,Jacobs,Lynch School of Education,2018,jjacobscz@wordpress.org,Male,10/31/1991
49682442,Emily,Berry,Morrissey College of Arts & Sciences,2019,eberryd0@surveymonkey.com,Female,09/08/2008
80583390,Virginia,Ramos,Connell School of Nursing,2020,vramosd1@dmoz.org,Female,07/05/1992
38028726,Kathryn,Turner,Lynch School of Education,2016,kturnerd2@paginegialle.it,Female,09/05/2007
47293654,Nicole,Little,Connell School of Nursing,2017,nlittled3@wikia.com,Female,01/23/2006
12560813,Shawn,Ward,School of Social Work,2018,swardd4@artisteer.com,Male,10/27/2000
16402125,Jonathan,Jordan,Connell School of Nursing,2019,jjordand5@cafepress.com,Male,08/24/1998
71088562,Stephen,Ortiz,School of Social Work,2020,sortizd6@eventbrite.com,Male,08/12/2009
14037774,Jose,Carroll,Lynch School of Education,2016,jcarrolld7@patch.com,Male,10/01/2003
70089974,Susan,Davis,School of Theology & Ministry,2017,sdavisd8@jigsy.com,Female,11/15/2015
90739670,Anne,Young,School of Theology & Ministry,2018,ayoungd9@time.com,Female,09/05/1993
03518587,Evelyn,Oliver,School of Social Work,2019,eoliverda@elpais.com,Female,07/01/1995
90962297,Rebecca,Hudson,Lynch School of Education,2020,rhudsondb@furl.net,Female,06/11/2013
45023481,Steve,Nichols,Law School,2016,snicholsdc@ft.com,Male,12/16/2013
89432893,Mark,Jackson,Connell School of Nursing,2017,mjacksondd@cdbaby.com,Male,01/13/1998
66718321,Catherine,Foster,Morrissey College of Arts & Sciences,2018,cfosterde@technorati.com,Female,09/08/1999
54500444,Kelly,Morrison,School of Social Work,2019,kmorrisondf@nymag.com,Female,09/19/1996
79790407,Andrew,Perez,Carroll School of Management,2020,aperezdg@themeforest.net,Male,06/29/1999
07987349,Steve,Fuller,Woods College of Advancing Studies,2016,sfullerdh@loc.gov,Male,09/01/1997
64820664,Carl,Collins,School of Social Work,2017,ccollinsdi@google.ca,Male,05/07/1998
20199161,Aaron,Austin,Lynch School of Education,2018,aaustindj@homestead.com,Male,02/16/2001
50116618,Fred,Nichols,Lynch School of Education,2019,fnicholsdk@comsenz.com,Male,03/25/2002
20024228,David,Chavez,School of Theology & Ministry,2020,dchavezdl@twitpic.com,Male,04/12/2001
16338805,Joshua,Rivera,Lynch School of Education,2016,jriveradm@zdnet.com,Male,12/09/1998
79779453,Irene,Meyer,Law School,2017,imeyerdn@wikispaces.com,Female,03/14/2012
24342533,Paul,Russell,Connell School of Nursing,2018,prusselldo@xing.com,Male,10/12/1994
37637259,Janet,Holmes,School of Theology & Ministry,2019,jholmesdp@samsung.com,Female,01/18/2015
36219135,Henry,Warren,School of Theology & Ministry,2020,hwarrendq@privacy.gov.au,Male,06/22/1992
16484527,Fred,Harvey,Connell School of Nursing,2016,fharveydr@artisteer.com,Male,07/13/2011
20982938,Irene,Young,Law School,2017,iyoungds@bluehost.com,Female,07/06/2012
64711985,William,Ross,Connell School of Nursing,2018,wrossdt@shutterfly.com,Male,01/09/2015
36923863,Margaret,Foster,Lynch School of Education,2019,mfosterdu@fotki.com,Female,08/31/2014
71488688,Daniel,Evans,Lynch School of Education,2020,devansdv@oracle.com,Male,03/03/2015
15047904,Benjamin,Carpenter,School of Theology & Ministry,2016,bcarpenterdw@bbb.org,Male,06/24/2011
23190763,Charles,Moreno,School of Social Work,2017,cmorenodx@nydailynews.com,Male,03/13/1991
68754798,Ryan,Porter,Morrissey College of Arts & Sciences,2018,rporterdy@shop-pro.jp,Male,01/12/1994
29989199,Clarence,Robertson,Law School,2019,crobertsondz@msn.com,Male,05/25/1993
26522438,Betty,Williams,Woods College of Advancing Studies,2020,bwilliamse0@naver.com,Female,09/02/2001
71774235,Billy,Mcdonald,Woods College of Advancing Studies,2016,bmcdonalde1@dion.ne.jp,Male,11/22/1993
92938350,Sarah,Price,Carroll School of Management,2017,spricee2@ehow.com,Female,07/25/2007
81924799,Roy,Hunter,Woods College of Advancing Studies,2018,rhuntere3@google.ru,Male,04/22/2005
13127297,Carlos,Rogers,Connell School of Nursing,2019,crogerse4@zdnet.com,Male,05/24/1997
67222405,Heather,Johnson,Carroll School of Management,2020,hjohnsone5@blogtalkradio.com,Female,03/26/2013
99409210,Howard,Ramos,School of Theology & Ministry,2016,hramose6@1und1.de,Male,11/18/2015
40720554,Edward,Ross,Morrissey College of Arts & Sciences,2017,erosse7@de.vu,Male,12/25/1992
08347906,Shawn,Hudson,Carroll School of Management,2018,shudsone8@weebly.com,Male,04/07/2005
21256236,Julia,Schmidt,Morrissey College of Arts & Sciences,2019,jschmidte9@narod.ru,Female,04/13/2013
38995931,Rebecca,Baker,Carroll School of Management,2020,rbakerea@addtoany.com,Female,09/21/2010
17664890,Daniel,Fowler,School of Theology & Ministry,2016,dfowlereb@wsj.com,Male,04/10/2007
46230525,Scott,Ward,Law School,2017,swardec@samsung.com,Male,02/29/1992
58093814,Howard,Daniels,Carroll School of Management,2018,hdanielsed@pbs.org,Male,03/03/2013
02711823,Janet,Hill,Morrissey College of Arts & Sciences,2019,jhillee@yellowbook.com,Female,08/24/2015
20446860,Laura,Kelley,School of Theology & Ministry,2020,lkelleyef@topsy.com,Female,01/28/1992
70355026,William,Anderson,Law School,2016,wandersoneg@netscape.com,Male,09/21/2007
68214527,Clarence,Berry,Law School,2017,cberryeh@jiathis.com,Male,12/08/1991
32677919,Ernest,Gardner,Morrissey College of Arts & Sciences,2018,egardnerei@patch.com,Male,03/09/2013
33554342,John,Martin,Morrissey College of Arts & Sciences,2019,jmartinej@deviantart.com,Male,08/16/2004
79450547,Todd,Roberts,School of Theology & Ministry,2020,trobertsek@auda.org.au,Male,09/12/2012
27557995,Alice,Hunt,Carroll School of Management,2016,ahuntel@people.com.cn,Female,12/03/2009
07269910,Laura,Stone,Connell School of Nursing,2017,lstoneem@jigsy.com,Female,11/06/1995
85776772,Pamela,Reyes,School of Social Work,2018,preyesen@instagram.com,Female,06/24/1992
20477391,Heather,Marshall,Carroll School of Management,2019,hmarshalleo@wikimedia.org,Female,05/02/2012
12628449,Melissa,Harrison,School of Social Work,2020,mharrisonep@boston.com,Female,12/16/1993
52445974,Louise,Jones,Morrissey College of Arts & Sciences,2016,ljoneseq@istockphoto.com,Female,03/20/1995
24367267,Janet,Wagner,Morrissey College of Arts & Sciences,2017,jwagnerer@elpais.com,Female,07/23/2004
62869772,Linda,Collins,School of Social Work,2018,lcollinses@dot.gov,Female,10/10/2008
66999527,Frank,Ramos,Carroll School of Management,2019,framoset@uiuc.edu,Male,01/17/2011
55232672,Adam,Cook,Woods College of Advancing Studies,2020,acookeu@eventbrite.com,Male,10/21/2012
80334100,Melissa,Walker,Connell School of Nursing,2016,mwalkerev@amazon.com,Female,12/30/2011
03969932,Gloria,Johnson,School of Theology & Ministry,2017,gjohnsonew@canalblog.com,Female,07/25/2014
83154643,Ann,Hernandez,Law School,2018,ahernandezex@freewebs.com,Female,08/01/2002
61054117,Timothy,Griffin,Carroll School of Management,2019,tgriffiney@utexas.edu,Male,05/19/1997
25920450,Phyllis,Spencer,School of Social Work,2020,pspencerez@about.me,Female,08/18/2013
50015671,Gloria,Hill,Law School,2016,ghillf0@jiathis.com,Female,09/26/2001
28080772,Carolyn,Nichols,Law School,2017,cnicholsf1@mac.com,Female,04/23/2005
77531424,Randy,Reyes,Woods College of Advancing Studies,2018,rreyesf2@hud.gov,Male,11/21/2000
02762646,Maria,Barnes,Connell School of Nursing,2019,mbarnesf3@oaic.gov.au,Female,07/28/2010
82846058,Paul,Lewis,Connell School of Nursing,2020,plewisf4@jimdo.com,Male,10/05/2015
87067720,Rebecca,Perkins,School of Social Work,2016,rperkinsf5@wordpress.org,Female,03/15/1999
77456660,Phillip,Mason,School of Social Work,2017,pmasonf6@fastcompany.com,Male,11/27/2013
59534364,Beverly,Ellis,Carroll School of Management,2018,bellisf7@oracle.com,Female,02/05/2015
41832289,Kelly,Shaw,School of Social Work,2019,kshawf8@microsoft.com,Female,08/24/2011
89918645,Christopher,Morales,Connell School of Nursing,2020,cmoralesf9@upenn.edu,Male,05/03/1991
13897349,Martha,Brooks,Morrissey College of Arts & Sciences,2016,mbrooksfa@google.com.br,Female,12/03/2008
85321911,Judith,King,Connell School of Nursing,2017,jkingfb@europa.eu,Female,11/11/2011
21673097,Phyllis,Dunn,School of Social Work,2018,pdunnfc@slideshare.net,Female,07/28/1998
12583909,Tina,Howell,Woods College of Advancing Studies,2019,thowellfd@mlb.com,Female,03/26/1995
12808651,Patrick,Phillips,Lynch School of Education,2020,pphillipsfe@issuu.com,Male,12/30/1994
78772543,Phyllis,Marshall,Morrissey College of Arts & Sciences,2016,pmarshallff@flavors.me,Female,10/07/1995
97471850,Steve,Warren,Lynch School of Education,2017,swarrenfg@slate.com,Male,08/21/2012
24086482,Daniel,Hughes,Carroll School of Management,2018,dhughesfh@theguardian.com,Male,05/27/1998
19374754,Kimberly,Nelson,Connell School of Nursing,2019,knelsonfi@yelp.com,Female,04/02/2009
39190517,Mark,Howard,School of Theology & Ministry,2020,mhowardfj@guardian.co.uk,Male,09/03/1997
92786154,Terry,Simpson,Morrissey College of Arts & Sciences,2016,tsimpsonfk@google.ca,Male,08/21/2014
46184646,Christine,Fuller,Lynch School of Education,2017,cfullerfl@upenn.edu,Female,02/13/2000
82717916,Edward,Wood,Lynch School of Education,2018,ewoodfm@dropbox.com,Male,11/07/1996
99959148,Donna,Flores,School of Theology & Ministry,2019,dfloresfn@google.com.au,Female,11/06/2003
13683459,Lori,Hamilton,School of Social Work,2020,lhamiltonfo@shinystat.com,Female,02/27/1992
00156560,Jeffrey,Fuller,School of Social Work,2016,jfullerfp@cpanel.net,Male,10/16/1995
36029927,Ruth,Banks,Connell School of Nursing,2017,rbanksfq@vistaprint.com,Female,07/26/2013
41951747,Maria,Adams,Woods College of Advancing Studies,2018,madamsfr@wix.com,Female,09/21/2008
42705950,Donald,Fuller,Law School,2019,dfullerfs@wikia.com,Male,07/31/1998
66367031,Christopher,Snyder,Carroll School of Management,2020,csnyderft@discuz.net,Male,04/20/1997
81928729,Gregory,Stevens,Lynch School of Education,2016,gstevensfu@google.co.jp,Male,10/14/1999
89825569,Bonnie,Alvarez,Woods College of Advancing Studies,2017,balvarezfv@github.com,Female,10/27/1995
70454875,Julia,Bowman,School of Social Work,2018,jbowmanfw@dropbox.com,Female,07/31/1995
41413037,Sarah,Freeman,School of Social Work,2019,sfreemanfx@xinhuanet.com,Female,10/20/1993
77458634,Aaron,Brown,School of Social Work,2020,abrownfy@mapquest.com,Male,01/19/2016
52676359,Diana,Perez,Law School,2016,dperezfz@dell.com,Female,03/07/2000
85982239,Eugene,Montgomery,Carroll School of Management,2017,emontgomeryg0@parallels.com,Male,10/23/2009
67212615,Matthew,Gordon,Carroll School of Management,2018,mgordong1@mapy.cz,Male,07/07/2002
38171613,Irene,Coleman,Woods College of Advancing Studies,2019,icolemang2@answers.com,Female,02/22/1996
71033836,Ann,Wallace,Lynch School of Education,2020,awallaceg3@businessweek.com,Female,06/23/1992
42806873,Sandra,Moreno,Lynch School of Education,2016,smorenog4@msu.edu,Female,11/18/2010
71668376,Lillian,Sanders,Law School,2017,lsandersg5@gravatar.com,Female,12/07/2004
57701978,Irene,Harper,Law School,2018,iharperg6@posterous.com,Female,05/21/1995
17464121,Shawn,Fuller,Law School,2019,sfullerg7@census.gov,Male,08/11/2004
44428314,David,Palmer,Lynch School of Education,2020,dpalmerg8@sohu.com,Male,04/09/2006
68466491,Nicholas,Rogers,School of Theology & Ministry,2016,nrogersg9@npr.org,Male,06/01/2014
94322804,William,Hamilton,Morrissey College of Arts & Sciences,2017,whamiltonga@com.com,Male,04/18/1996
76605447,Ann,Martin,Carroll School of Management,2018,amartingb@unc.edu,Female,06/13/2013
93658762,Jerry,Nguyen,Connell School of Nursing,2019,jnguyengc@xrea.com,Male,03/01/2013
38695482,Diana,Howell,Connell School of Nursing,2020,dhowellgd@booking.com,Female,10/04/2014
95184455,Joshua,Banks,Morrissey College of Arts & Sciences,2016,jbanksge@altervista.org,Male,03/24/2004
95384117,Christine,Larson,Law School,2017,clarsongf@mayoclinic.com,Female,08/31/2009
61162884,Diane,Gomez,Woods College of Advancing Studies,2018,dgomezgg@alexa.com,Female,07/02/1995
50427760,Ruth,Lawrence,Carroll School of Management,2019,rlawrencegh@mashable.com,Female,04/15/1997
58502191,Billy,Foster,Connell School of Nursing,2020,bfostergi@blog.com,Male,06/16/1990
51247751,Beverly,Perez,Morrissey College of Arts & Sciences,2016,bperezgj@ameblo.jp,Female,03/23/2007
04973308,Shirley,Nguyen,Carroll School of Management,2017,snguyengk@networksolutions.com,Female,12/15/1991
65956143,Daniel,Lewis,Law School,2018,dlewisgl@arizona.edu,Male,04/23/2006
05012021,Pamela,Burke,Law School,2019,pburkegm@digg.com,Female,08/05/2010
18440044,Brandon,Daniels,School of Social Work,2020,bdanielsgn@deviantart.com,Male,01/15/2003
83540501,Edward,Myers,Carroll School of Management,2016,emyersgo@narod.ru,Male,06/27/2000
17912976,Bonnie,Taylor,Carroll School of Management,2017,btaylorgp@taobao.com,Female,07/19/1993
19689066,Jack,Myers,School of Theology & Ministry,2018,jmyersgq@nhs.uk,Male,12/12/1994
89497610,Eric,Griffin,Law School,2019,egriffingr@vkontakte.ru,Male,06/29/1990
64055555,Heather,Bowman,Woods College of Advancing Studies,2020,hbowmangs@123-reg.co.uk,Female,05/25/2015
82942685,Margaret,Fernandez,Lynch School of Education,2016,mfernandezgt@wsj.com,Female,07/26/2003
70959448,Teresa,Walker,Morrissey College of Arts & Sciences,2017,twalkergu@weebly.com,Female,10/15/1992
04297594,Tina,Mason,Woods College of Advancing Studies,2018,tmasongv@163.com,Female,04/14/2010
93201902,Carl,Carr,Law School,2019,ccarrgw@globo.com,Male,10/01/2007
29170534,Maria,Boyd,Woods College of Advancing Studies,2020,mboydgx@weibo.com,Female,07/11/1999
88628346,Paula,Harvey,Lynch School of Education,2016,pharveygy@jalbum.net,Female,07/03/1993
65528214,Melissa,Moore,Law School,2017,mmooregz@telegraph.co.uk,Female,09/25/1993
28692472,Adam,Murphy,Lynch School of Education,2018,amurphyh0@usda.gov,Male,05/31/2003
48739373,Paul,Gomez,Morrissey College of Arts & Sciences,2019,pgomezh1@nationalgeographic.com,Male,06/26/1994
10582708,Margaret,Harrison,Law School,2020,mharrisonh2@cocolog-nifty.com,Female,02/27/1996
57536613,Douglas,Garcia,Morrissey College of Arts & Sciences,2016,dgarciah3@arstechnica.com,Male,10/25/2010
85484345,Juan,Brooks,Morrissey College of Arts & Sciences,2017,jbrooksh4@washingtonpost.com,Male,05/19/1994
36571075,Lawrence,Bishop,Law School,2018,lbishoph5@ifeng.com,Male,09/28/2011
67079837,Adam,Sullivan,Law School,2019,asullivanh6@skype.com,Male,05/15/2006
75062498,Carol,Snyder,School of Theology & Ministry,2020,csnyderh7@vistaprint.com,Female,06/07/1994
33195566,Mark,Hart,Law School,2016,mharth8@omniture.com,Male,05/27/2014
60308343,Jason,Hernandez,School of Theology & Ministry,2017,jhernandezh9@engadget.com,Male,05/12/2015
86459149,Bobby,Gomez,School of Theology & Ministry,2018,bgomezha@scribd.com,Male,02/09/2005
02570864,Judy,Lewis,Connell School of Nursing,2019,jlewishb@free.fr,Female,02/28/2008
00427302,Brenda,Martinez,Law School,2020,bmartinezhc@ihg.com,Female,04/03/2005
13342786,Juan,Simpson,Lynch School of Education,2016,jsimpsonhd@t.co,Male,04/10/2012
85342309,Keith,Walker,School of Theology & Ministry,2017,kwalkerhe@google.ca,Male,07/04/2013
60710587,Kelly,Howard,Law School,2018,khowardhf@twitpic.com,Female,06/07/1993
12852856,Joan,Ray,Law School,2019,jrayhg@indiegogo.com,Female,08/23/2012
16133382,Eugene,Watkins,Law School,2020,ewatkinshh@bbc.co.uk,Male,02/06/2015
47021515,Wanda,Lopez,Connell School of Nursing,2016,wlopezhi@barnesandnoble.com,Female,05/18/2007
47895301,Ralph,Burns,School of Theology & Ministry,2017,rburnshj@shareasale.com,Male,07/30/1995
91199635,Douglas,Shaw,Lynch School of Education,2018,dshawhk@yandex.ru,Male,11/05/1998
62171687,Sharon,Wood,Connell School of Nursing,2019,swoodhl@tmall.com,Female,09/24/2003
55057351,Carolyn,Harper,Morrissey College of Arts & Sciences,2020,charperhm@cisco.com,Female,08/10/2004
31573475,Betty,Grant,School of Theology & Ministry,2016,bgranthn@google.com.au,Female,06/12/1995
71876972,Fred,Rogers,School of Social Work,2017,frogersho@dropbox.com,Male,06/09/2012
67549581,Jennifer,James,Lynch School of Education,2018,jjameshp@prlog.org,Female,10/27/2011
09547830,Amanda,Lawson,Carroll School of Management,2019,alawsonhq@china.com.cn,Female,06/26/2013
00537964,Johnny,Weaver,School of Theology & Ministry,2020,jweaverhr@rakuten.co.jp,Male,11/20/2009
66180397,Annie,Young,Connell School of Nursing,2016,ayounghs@nytimes.com,Female,12/24/1991
80347622,Eric,Diaz,Lynch School of Education,2017,ediazht@yellowpages.com,Male,02/23/2007
99000458,James,Hamilton,School of Theology & Ministry,2018,jhamiltonhu@dagondesign.com,Male,03/05/2012
48246357,Jerry,Kennedy,Lynch School of Education,2019,jkennedyhv@washington.edu,Male,07/07/1993
05564965,Jimmy,Armstrong,School of Theology & Ministry,2020,jarmstronghw@last.fm,Male,08/15/1991
27496174,Carolyn,Parker,Connell School of Nursing,2016,cparkerhx@ebay.com,Female,01/28/1993
02578477,Lori,Dunn,School of Social Work,2017,ldunnhy@jiathis.com,Female,07/12/1991
87044504,Robin,Porter,Morrissey College of Arts & Sciences,2018,rporterhz@uiuc.edu,Female,04/02/2001
76792411,Michelle,Gutierrez,Connell School of Nursing,2019,mgutierrezi0@ucoz.ru,Female,08/04/2011
64520235,Janet,Gonzalez,Law School,2020,jgonzalezi1@alexa.com,Female,10/16/1994
68997639,Joshua,Lane,Woods College of Advancing Studies,2016,jlanei2@soup.io,Male,02/19/2005
29836039,Evelyn,Rodriguez,School of Theology & Ministry,2017,erodriguezi3@g.co,Female,07/12/2002
55802861,Christine,Campbell,Woods College of Advancing Studies,2018,ccampbelli4@posterous.com,Female,04/11/1996
87969464,Mark,Hansen,School of Theology & Ministry,2019,mhanseni5@1und1.de,Male,11/14/2015
79984159,Julie,Bowman,School of Social Work,2020,jbowmani6@tumblr.com,Female,07/23/1998
46914156,Eugene,Bowman,Carroll School of Management,2016,ebowmani7@usda.gov,Male,01/20/2012
26373746,Nicole,Hall,Carroll School of Management,2017,nhalli8@ameblo.jp,Female,06/04/2008
70709234,Pamela,Sanders,Morrissey College of Arts & Sciences,2018,psandersi9@ftc.gov,Female,09/30/1996
34249276,Thomas,Howard,School of Theology & Ministry,2019,thowardia@tumblr.com,Male,02/29/2008
79565995,Teresa,Williamson,Woods College of Advancing Studies,2020,twilliamsonib@mac.com,Female,03/29/2002
89828885,Jeffrey,Mccoy,Carroll School of Management,2016,jmccoyic@yelp.com,Male,03/13/2016
40912092,John,Bell,Connell School of Nursing,2017,jbellid@dropbox.com,Male,09/27/1995
69990601,Steve,Montgomery,Woods College of Advancing Studies,2018,smontgomeryie@fema.gov,Male,05/22/2010
85027994,Phyllis,Gutierrez,School of Social Work,2019,pgutierrezif@accuweather.com,Female,11/15/2005
45121670,David,Brown,Lynch School of Education,2020,dbrownig@miitbeian.gov.cn,Male,05/17/1996
75096221,Eric,Stone,School of Social Work,2016,estoneih@scribd.com,Male,02/23/1998
25875590,Johnny,Parker,Morrissey College of Arts & Sciences,2017,jparkerii@yale.edu,Male,06/07/2006
58155253,Katherine,Gibson,Carroll School of Management,2018,kgibsonij@timesonline.co.uk,Female,01/22/2009
72522349,Adam,Fernandez,Woods College of Advancing Studies,2019,afernandezik@squidoo.com,Male,07/15/1997
71162240,Kathy,Sims,Lynch School of Education,2020,ksimsil@nih.gov,Female,08/06/2005
06121935,Arthur,Thomas,School of Social Work,2016,athomasim@mtv.com,Male,10/12/2014
33439626,Billy,West,School of Social Work,2017,bwestin@kickstarter.com,Male,03/20/2005
65966497,Linda,Fields,School of Social Work,2018,lfieldsio@nhs.uk,Female,02/05/1992
84756228,Lillian,James,School of Theology & Ministry,2019,ljamesip@msu.edu,Female,10/18/2005
92808609,Alan,Day,Carroll School of Management,2020,adayiq@gmpg.org,Male,11/27/1994
06298547,Brandon,Palmer,School of Social Work,2016,bpalmerir@nhs.uk,Male,11/25/2003
67831462,Justin,Hawkins,School of Social Work,2017,jhawkinsis@wsj.com,Male,04/26/2006
66490483,Rachel,Gray,Connell School of Nursing,2018,rgrayit@mozilla.com,Female,01/04/2003
99895959,Patricia,James,Woods College of Advancing Studies,2019,pjamesiu@technorati.com,Female,10/27/2010
41445888,Scott,Stevens,School of Theology & Ministry,2020,sstevensiv@youtu.be,Male,02/21/1995
11445423,Jason,Snyder,Woods College of Advancing Studies,2016,jsnyderiw@prnewswire.com,Male,11/19/2014
77342217,Sandra,Welch,School of Social Work,2017,swelchix@github.com,Female,10/07/2004
86371819,Katherine,Myers,School of Theology & Ministry,2018,kmyersiy@last.fm,Female,02/19/1999
07988704,Ernest,Hudson,School of Theology & Ministry,2019,ehudsoniz@wufoo.com,Male,08/10/1998
86962988,Brian,Pierce,Lynch School of Education,2020,bpiercej0@home.pl,Male,08/14/2015
56300679,Arthur,Carpenter,School of Theology & Ministry,2016,acarpenterj1@ustream.tv,Male,11/01/2014
60126693,Jennifer,Freeman,Morrissey College of Arts & Sciences,2017,jfreemanj2@t.co,Female,10/02/2002
29488965,Earl,Bowman,School of Theology & Ministry,2018,ebowmanj3@comsenz.com,Male,01/24/2014
28347498,Bonnie,Barnes,Morrissey College of Arts & Sciences,2019,bbarnesj4@51.la,Female,01/31/1993
44370550,Doris,Wood,School of Theology & Ministry,2020,dwoodj5@accuweather.com,Female,12/03/2002
41208032,Lori,Garcia,School of Social Work,2016,lgarciaj6@flickr.com,Female,01/05/1999
45139457,Jacqueline,Ellis,Morrissey College of Arts & Sciences,2017,jellisj7@netvibes.com,Female,05/31/1999
59037994,Chris,Walker,Connell School of Nursing,2018,cwalkerj8@wp.com,Male,08/11/2011
77352056,Joe,Crawford,School of Social Work,2019,jcrawfordj9@dion.ne.jp,Male,09/08/2010
37908894,Edward,Perkins,Law School,2020,eperkinsja@mysql.com,Male,04/13/1993
18554734,Anthony,Scott,Woods College of Advancing Studies,2016,ascottjb@opera.com,Male,08/18/1995
15946262,Carl,Howell,Law School,2017,chowelljc@nba.com,Male,06/18/2008
76260505,Jean,Montgomery,Woods College of Advancing Studies,2018,jmontgomeryjd@surveymonkey.com,Female,12/10/1996
31890290,Sarah,Larson,Carroll School of Management,2019,slarsonje@yellowpages.com,Female,12/07/1994
24677601,Nicholas,Frazier,Connell School of Nursing,2020,nfrazierjf@newsvine.com,Male,10/28/2008
49029729,Robin,Fernandez,Morrissey College of Arts & Sciences,2016,rfernandezjg@instagram.com,Female,04/29/1993
91473341,Jason,Spencer,Carroll School of Management,2017,jspencerjh@alibaba.com,Male,11/30/1995
12109850,Thomas,Larson,School of Theology & Ministry,2018,tlarsonji@ameblo.jp,Male,07/26/2000
85245269,Robin,Simpson,Carroll School of Management,2019,rsimpsonjj@cnbc.com,Female,02/27/2003
16046779,Joyce,Frazier,Carroll School of Management,2020,jfrazierjk@cpanel.net,Female,04/02/2010
93683806,Todd,Pierce,Woods College of Advancing Studies,2016,tpiercejl@seattletimes.com,Male,05/16/2000
51891665,George,Ferguson,School of Social Work,2017,gfergusonjm@biblegateway.com,Male,12/16/2014
78247775,Billy,Burke,School of Social Work,2018,bburkejn@eventbrite.com,Male,10/09/2008
26655173,Roy,Chavez,Law School,2019,rchavezjo@wordpress.org,Male,01/13/1993
22021138,Anne,Frazier,Morrissey College of Arts & Sciences,2020,afrazierjp@ihg.com,Female,05/23/2004
17405100,George,Robertson,Woods College of Advancing Studies,2016,grobertsonjq@baidu.com,Male,10/13/1991
27733062,Randy,Mccoy,Carroll School of Management,2017,rmccoyjr@squidoo.com,Male,11/15/2001
35834711,Terry,Lopez,Woods College of Advancing Studies,2018,tlopezjs@walmart.com,Male,01/30/1997
15266439,Alice,Day,Woods College of Advancing Studies,2019,adayjt@nbcnews.com,Female,01/18/2014
91349013,Timothy,Lee,Carroll School of Management,2020,tleeju@cloudflare.com,Male,09/16/1996
99859856,Patricia,Frazier,Carroll School of Management,2016,pfrazierjv@buzzfeed.com,Female,03/22/2016
33153000,Dorothy,Ford,Carroll School of Management,2017,dfordjw@google.ru,Female,12/03/2014
11478856,Linda,Clark,Connell School of Nursing,2018,lclarkjx@statcounter.com,Female,10/13/2000
75484790,Martin,Hill,Carroll School of Management,2019,mhilljy@de.vu,Male,05/02/2006
80417432,Kenneth,Ford,Lynch School of Education,2020,kfordjz@edublogs.org,Male,05/02/2004
02674075,Richard,Mendoza,Carroll School of Management,2016,rmendozak0@nature.com,Male,02/03/2014
65212309,Brian,Lawson,Morrissey College of Arts & Sciences,2017,blawsonk1@imdb.com,Male,09/29/1992
02976092,Johnny,Mcdonald,School of Social Work,2018,jmcdonaldk2@rediff.com,Male,08/30/2007
66951063,Martha,Nichols,Law School,2019,mnicholsk3@xinhuanet.com,Female,08/10/2000
23854089,Randy,Frazier,School of Theology & Ministry,2020,rfrazierk4@google.es,Male,12/25/1998
83244391,Terry,Kim,Law School,2016,tkimk5@reddit.com,Male,05/27/1995
61588494,John,Ruiz,Carroll School of Management,2017,jruizk6@sphinn.com,Male,02/03/1996
20557939,Lisa,Morgan,Lynch School of Education,2018,lmorgank7@spiegel.de,Female,02/13/2003
38759065,Norma,Castillo,School of Social Work,2019,ncastillok8@xrea.com,Female,01/18/2011
43547811,Norma,Kelly,Carroll School of Management,2020,nkellyk9@yelp.com,Female,12/05/1999
42287963,Kelly,Bryant,Morrissey College of Arts & Sciences,2016,kbryantka@friendfeed.com,Female,08/14/2012
21459995,Ernest,King,Morrissey College of Arts & Sciences,2017,ekingkb@opera.com,Male,05/28/2002
44344045,Lawrence,Shaw,Carroll School of Management,2018,lshawkc@soup.io,Male,12/24/1997
78877178,Frances,Brooks,School of Theology & Ministry,2019,fbrookskd@mtv.com,Female,12/18/2011
70166776,Daniel,Lawrence,Morrissey College of Arts & Sciences,2020,dlawrenceke@unesco.org,Male,07/04/2001
71431308,Willie,Rogers,Law School,2016,wrogerskf@unblog.fr,Male,06/08/2004
33739360,Jacqueline,Fuller,Woods College of Advancing Studies,2017,jfullerkg@shinystat.com,Female,11/29/2006
73943212,Peter,Mcdonald,Carroll School of Management,2018,pmcdonaldkh@statcounter.com,Male,03/12/2013
72668945,Lillian,Brooks,Lynch School of Education,2019,lbrookski@naver.com,Female,01/26/1998
13043542,Robert,Bradley,Woods College of Advancing Studies,2020,rbradleykj@sourceforge.net,Male,03/07/1997
12501215,Jeffrey,Willis,Woods College of Advancing Studies,2016,jwilliskk@shutterfly.com,Male,03/03/2012
91896822,Anna,Schmidt,School of Social Work,2017,aschmidtkl@examiner.com,Female,12/18/1991
04078796,Doris,Hart,Lynch School of Education,2018,dhartkm@nhs.uk,Female,04/02/2015
21661675,Jeremy,Morrison,Woods College of Advancing Studies,2019,jmorrisonkn@mapy.cz,Male,10/02/1990
69898631,Judy,Gray,Woods College of Advancing Studies,2020,jgrayko@amazonaws.com,Female,09/27/2014
07163382,Albert,Butler,Woods College of Advancing Studies,2016,abutlerkp@geocities.jp,Male,06/04/1995
65045726,Lori,Fowler,School of Theology & Ministry,2017,lfowlerkq@mediafire.com,Female,08/10/2008
30501125,Anne,Ramirez,School of Theology & Ministry,2018,aramirezkr@webnode.com,Female,04/18/2004
97576113,Lillian,Henderson,School of Theology & Ministry,2019,lhendersonks@facebook.com,Female,01/18/2016
32230150,Stephen,Freeman,Law School,2020,sfreemankt@github.com,Male,06/11/1990
65548354,Angela,Nichols,Law School,2016,anicholsku@goo.ne.jp,Female,02/18/2014
69743135,Ashley,Brooks,Carroll School of Management,2017,abrookskv@businessinsider.com,Female,01/12/2007
95516031,Virginia,Grant,Connell School of Nursing,2018,vgrantkw@studiopress.com,Female,10/30/2015
62208545,Antonio,Grant,Morrissey College of Arts & Sciences,2019,agrantkx@stanford.edu,Male,08/20/2012
98316257,Louise,Weaver,Carroll School of Management,2020,lweaverky@narod.ru,Female,04/11/2005
70741182,Anthony,Olson,School of Theology & Ministry,2016,aolsonkz@flavors.me,Male,01/26/2015
85650247,Sean,Henderson,School of Social Work,2017,shendersonl0@yale.edu,Male,05/28/1999
54590604,Wanda,Kelley,Lynch School of Education,2018,wkelleyl1@indiegogo.com,Female,04/03/2008
24542351,Louis,Dean,Morrissey College of Arts & Sciences,2019,ldeanl2@furl.net,Male,07/29/1991
05161641,Melissa,Brown,School of Social Work,2020,mbrownl3@bloomberg.com,Female,10/21/1998
97580786,Donald,Castillo,Lynch School of Education,2016,dcastillol4@nbcnews.com,Male,01/14/2002
94876796,Arthur,Stevens,School of Theology & Ministry,2017,astevensl5@blinklist.com,Male,06/11/2005
05326488,Diana,Lee,Carroll School of Management,2018,dleel6@apple.com,Female,03/08/2009
91855921,Joe,Johnston,School of Theology & Ministry,2019,jjohnstonl7@yahoo.com,Male,11/15/1990
22561897,Kevin,Stone,Carroll School of Management,2020,kstonel8@paginegialle.it,Male,11/13/2015
74517142,Tina,Reed,Woods College of Advancing Studies,2016,treedl9@psu.edu,Female,07/03/2015
20550924,Mary,Hicks,School of Theology & Ministry,2017,mhicksla@fotki.com,Female,07/30/1991
86709132,Jacqueline,Price,Carroll School of Management,2018,jpricelb@last.fm,Female,10/25/2015
63299267,Peter,Fowler,School of Social Work,2019,pfowlerlc@addthis.com,Male,11/11/1999
57761312,Elizabeth,Hunt,School of Social Work,2020,ehuntld@vistaprint.com,Female,04/16/2008
82729381,Elizabeth,Bowman,Woods College of Advancing Studies,2016,ebowmanle@zimbio.com,Female,11/15/2015
97374736,Nicole,Lawrence,School of Social Work,2017,nlawrencelf@statcounter.com,Female,05/16/2010
78533536,Doris,Black,Morrissey College of Arts & Sciences,2018,dblacklg@shop-pro.jp,Female,10/22/2001
90243110,Stephanie,Berry,Carroll School of Management,2019,sberrylh@seesaa.net,Female,01/04/2011
22564115,Anthony,Williams,School of Social Work,2020,awilliamsli@toplist.cz,Male,12/02/2013
34149211,Ruth,Spencer,Woods College of Advancing Studies,2016,rspencerlj@yelp.com,Female,08/04/2006
44554862,Barbara,Graham,Morrissey College of Arts & Sciences,2017,bgrahamlk@nytimes.com,Female,03/16/1997
07282713,Doris,Harvey,Law School,2018,dharveyll@amazon.co.uk,Female,03/28/2009
45092980,Roy,Robinson,Woods College of Advancing Studies,2019,rrobinsonlm@sakura.ne.jp,Male,06/15/2005
84957353,Frank,Walker,School of Social Work,2020,fwalkerln@blog.com,Male,02/26/2007
17346435,Russell,Parker,Woods College of Advancing Studies,2016,rparkerlo@businessinsider.com,Male,01/21/2001
88617393,Judy,Robertson,Woods College of Advancing Studies,2017,jrobertsonlp@hud.gov,Female,11/28/2008
68889375,Nancy,Reid,Woods College of Advancing Studies,2018,nreidlq@census.gov,Female,01/08/2013
28585460,Michael,Willis,Carroll School of Management,2019,mwillislr@nytimes.com,Male,05/22/2000
37040360,Johnny,Stephens,Lynch School of Education,2020,jstephensls@wiley.com,Male,11/22/1998
46496530,Juan,Rose,Morrissey College of Arts & Sciences,2016,jroselt@networksolutions.com,Male,05/14/2010
63254429,Bruce,Harrison,Morrissey College of Arts & Sciences,2017,bharrisonlu@ow.ly,Male,01/15/1998
75360818,Jesse,Ramos,Carroll School of Management,2018,jramoslv@scribd.com,Male,09/26/2002
56600296,Lori,Garrett,School of Social Work,2019,lgarrettlw@com.com,Female,01/15/1991
96080388,Joe,Jenkins,Lynch School of Education,2020,jjenkinslx@pen.io,Male,03/22/1997
75213701,Brian,Carpenter,School of Social Work,2016,bcarpenterly@hao123.com,Male,06/28/2001
19755056,Jose,Murray,Law School,2017,jmurraylz@linkedin.com,Male,08/17/1992
73775608,Alan,Ortiz,Connell School of Nursing,2018,aortizm0@ask.com,Male,09/19/2014
39199932,Ernest,Rose,Law School,2019,erosem1@senate.gov,Male,12/21/2015
22945665,Ashley,Owens,School of Social Work,2020,aowensm2@gov.uk,Female,08/30/2001
35081994,Kathleen,Hicks,Connell School of Nursing,2016,khicksm3@ycombinator.com,Female,09/18/2005
15596525,Diana,Owens,Law School,2017,dowensm4@example.com,Female,03/29/2010
92261095,Nancy,Reyes,Law School,2018,nreyesm5@walmart.com,Female,02/29/2004
41607324,Timothy,Hunter,Law School,2019,thunterm6@google.nl,Male,08/14/2001
97369347,Wayne,Matthews,Woods College of Advancing Studies,2020,wmatthewsm7@hugedomains.com,Male,03/28/2002
64080345,Emily,Johnson,Carroll School of Management,2016,ejohnsonm8@instagram.com,Female,02/02/2004
52040058,Doris,Harris,Morrissey College of Arts & Sciences,2017,dharrism9@fema.gov,Female,08/10/2009
86109172,Clarence,Simmons,Lynch School of Education,2018,csimmonsma@mtv.com,Male,02/20/2006
31212121,Matthew,Ford,Lynch School of Education,2019,mfordmb@sina.com.cn,Male,12/03/1999
35155593,James,Chapman,Woods College of Advancing Studies,2020,jchapmanmc@opensource.org,Male,04/07/2001
24026525,Virginia,Woods,Carroll School of Management,2016,vwoodsmd@howstuffworks.com,Female,01/20/1996
30916679,Benjamin,Howard,School of Social Work,2017,bhowardme@jalbum.net,Male,10/06/1993
04774793,Jane,Stephens,Connell School of Nursing,2018,jstephensmf@reddit.com,Female,05/11/2007
69608520,Johnny,Robinson,Morrissey College of Arts & Sciences,2019,jrobinsonmg@epa.gov,Male,03/07/1997
99429989,Louise,Moreno,Lynch School of Education,2020,lmorenomh@ezinearticles.com,Female,03/15/1991
74343509,Irene,Gordon,Morrissey College of Arts & Sciences,2016,igordonmi@tamu.edu,Female,04/20/2012
24077198,Carolyn,Arnold,Morrissey College of Arts & Sciences,2017,carnoldmj@miitbeian.gov.cn,Female,01/07/2008
88105791,Norma,Sanchez,School of Social Work,2018,nsanchezmk@ihg.com,Female,12/30/2000
70096929,David,Andrews,Lynch School of Education,2019,dandrewsml@usnews.com,Male,03/02/2001
70784761,Diana,Reed,Morrissey College of Arts & Sciences,2020,dreedmm@taobao.com,Female,06/14/1993
30664233,Chris,Carter,Carroll School of Management,2016,ccartermn@sohu.com,Male,01/23/2006
76048278,Kevin,Bell,Connell School of Nursing,2017,kbellmo@vimeo.com,Male,08/20/1991
89433252,Heather,Powell,School of Social Work,2018,hpowellmp@google.com,Female,10/01/2011
85409858,Judith,Matthews,Carroll School of Management,2019,jmatthewsmq@xing.com,Female,01/13/1999
44662803,Jennifer,Ward,Lynch School of Education,2020,jwardmr@bigcartel.com,Female,11/21/2002
90662833,Jimmy,Kim,Connell School of Nursing,2016,jkimms@smh.com.au,Male,04/16/1998
33614794,Louise,Nguyen,Law School,2017,lnguyenmt@abc.net.au,Female,12/23/2002
93958308,Stephen,Hart,Law School,2018,shartmu@phpbb.com,Male,09/21/1995
31669218,Michael,Mendoza,Woods College of Advancing Studies,2019,mmendozamv@webmd.com,Male,10/04/2000
72075376,Edward,Clark,Carroll School of Management,2020,eclarkmw@google.ca,Male,01/25/2015
23261239,Cheryl,Martinez,Carroll School of Management,2016,cmartinezmx@ameblo.jp,Female,04/12/2003
61487051,Carol,Mitchell,Woods College of Advancing Studies,2017,cmitchellmy@fotki.com,Female,08/28/2013
18059129,Virginia,Andrews,Law School,2018,vandrewsmz@alibaba.com,Female,09/22/2012
15502228,Craig,Lynch,School of Theology & Ministry,2019,clynchn0@sun.com,Male,02/19/2015
74917051,Debra,Griffin,Morrissey College of Arts & Sciences,2020,dgriffinn1@reuters.com,Female,12/28/2011
89362984,Ashley,Riley,Carroll School of Management,2016,arileyn2@walmart.com,Female,05/04/2008
60394200,Lois,Barnes,Carroll School of Management,2017,lbarnesn3@vk.com,Female,01/06/1998
84822883,Jesse,Rivera,School of Theology & Ministry,2018,jriveran4@ebay.com,Male,12/09/2008
24605225,Jonathan,Wright,Connell School of Nursing,2019,jwrightn5@elegantthemes.com,Male,12/22/2002
17520096,Joseph,Bailey,Carroll School of Management,2020,jbaileyn6@opera.com,Male,09/13/1991
53437453,Russell,Ruiz,Carroll School of Management,2016,rruizn7@adobe.com,Male,03/16/2013
19910318,Steve,Fernandez,Morrissey College of Arts & Sciences,2017,sfernandezn8@nsw.gov.au,Male,08/17/2002
67617137,Paul,Cole,Morrissey College of Arts & Sciences,2018,pcolen9@issuu.com,Male,07/20/2011
51325699,Adam,Clark,Woods College of Advancing Studies,2019,aclarkna@nih.gov,Male,10/27/2015
63944307,Bobby,Peters,Morrissey College of Arts & Sciences,2020,bpetersnb@rambler.ru,Male,04/07/2005
60098736,Adam,Brooks,Connell School of Nursing,2016,abrooksnc@delicious.com,Male,03/28/2004
18792212,Sara,Hudson,Lynch School of Education,2017,shudsonnd@gmpg.org,Female,02/01/2004
18882101,Earl,Banks,School of Theology & Ministry,2018,ebanksne@amazon.de,Male,08/29/1995
62880898,Sean,Phillips,Lynch School of Education,2019,sphillipsnf@fotki.com,Male,01/17/2006
61442762,Andrew,Hart,School of Theology & Ministry,2020,ahartng@miitbeian.gov.cn,Male,08/06/1993
78929693,Tina,Carter,Morrissey College of Arts & Sciences,2016,tcarternh@ning.com,Female,05/25/1990
65619919,Roger,Berry,Woods College of Advancing Studies,2017,rberryni@sun.com,Male,01/06/1997
51867614,Helen,Harper,School of Theology & Ministry,2018,hharpernj@icio.us,Female,12/20/2003
95499907,Jerry,Brooks,Law School,2019,jbrooksnk@oaic.gov.au,Male,07/22/2003
99389013,Joseph,Hudson,Morrissey College of Arts & Sciences,2020,jhudsonnl@slashdot.org,Male,01/01/2014
64001844,Patricia,Owens,Woods College of Advancing Studies,2016,powensnm@blogspot.com,Female,12/20/2009
26156002,Katherine,Bishop,Carroll School of Management,2017,kbishopnn@google.pl,Female,07/02/2006
65588823,Jeremy,Peterson,School of Theology & Ministry,2018,jpetersonno@drupal.org,Male,03/14/2010
35864823,Louis,Foster,Woods College of Advancing Studies,2019,lfosternp@irs.gov,Male,09/29/1999
11043340,Brenda,Hicks,School of Theology & Ministry,2020,bhicksnq@google.co.jp,Female,08/02/2013
19979070,Kathryn,Robertson,School of Theology & Ministry,2016,krobertsonnr@ft.com,Female,04/20/1993
24470796,Lillian,Ryan,Law School,2017,lryanns@state.gov,Female,08/26/2007
79133607,Lisa,Wright,School of Theology & Ministry,2018,lwrightnt@etsy.com,Female,09/12/1997
71219683,Philip,Black,Law School,2019,pblacknu@foxnews.com,Male,01/23/1996
37598425,Paula,Porter,Woods College of Advancing Studies,2020,pporternv@cbc.ca,Female,01/01/2008
37149067,Cheryl,Fisher,Carroll School of Management,2016,cfishernw@tripod.com,Female,11/06/1992
89846371,Henry,Lynch,School of Theology & Ministry,2017,hlynchnx@hhs.gov,Male,06/10/2006
98253007,George,Wilson,Carroll School of Management,2018,gwilsonny@shinystat.com,Male,07/20/1998
39704098,Walter,Lee,Morrissey College of Arts & Sciences,2019,wleenz@nsw.gov.au,Male,06/21/1994
76502475,Martin,Wilson,Connell School of Nursing,2020,mwilsono0@mac.com,Male,05/22/2009
00915851,Justin,Holmes,School of Social Work,2016,jholmeso1@spiegel.de,Male,01/25/1998
90540552,James,Brooks,Connell School of Nursing,2017,jbrookso2@storify.com,Male,10/15/1999
49913489,Tammy,Kelly,Woods College of Advancing Studies,2018,tkellyo3@accuweather.com,Female,03/01/2002
39214428,Helen,Johnston,Carroll School of Management,2019,hjohnstono4@timesonline.co.uk,Female,06/16/1998
90090667,Brenda,Kelley,School of Theology & Ministry,2020,bkelleyo5@webeden.co.uk,Female,01/27/2006
30347322,Brenda,Palmer,Woods College of Advancing Studies,2016,bpalmero6@wordpress.com,Female,03/10/1997
44716856,Alice,Simmons,Connell School of Nursing,2017,asimmonso7@indiatimes.com,Female,09/24/1998
13237332,Gerald,King,Carroll School of Management,2018,gkingo8@jiathis.com,Male,09/04/1998
56057970,Louis,Owens,Connell School of Nursing,2019,lowenso9@dropbox.com,Male,04/21/2013
10477564,Thomas,Smith,Carroll School of Management,2020,tsmithoa@acquirethisname.com,Male,10/17/2015
62582603,Ashley,Shaw,School of Theology & Ministry,2016,ashawob@hatena.ne.jp,Female,07/28/2006
54714401,Henry,Wells,Connell School of Nursing,2017,hwellsoc@wikispaces.com,Male,03/03/1996
66348016,Brian,George,Lynch School of Education,2018,bgeorgeod@homestead.com,Male,08/05/2005
55182211,Arthur,Rogers,Carroll School of Management,2019,arogersoe@mayoclinic.com,Male,09/01/2015
67086648,Cheryl,Peterson,Law School,2020,cpetersonof@yellowpages.com,Female,01/29/2001
30970289,Virginia,Gilbert,School of Theology & Ministry,2016,vgilbertog@ucoz.ru,Female,09/16/1997
34482592,Heather,Castillo,Law School,2017,hcastillooh@huffingtonpost.com,Female,11/24/2005
86393166,Kathryn,Roberts,Lynch School of Education,2018,krobertsoi@ebay.co.uk,Female,07/26/1993
97946164,Kelly,Romero,Lynch School of Education,2019,kromerooj@sbwire.com,Female,05/10/2012
39776172,Anne,Perez,School of Theology & Ministry,2020,aperezok@ihg.com,Female,06/18/1993
78271707,Brian,Chapman,Carroll School of Management,2016,bchapmanol@wikimedia.org,Male,03/19/1994
25064260,Rose,Williams,Woods College of Advancing Studies,2017,rwilliamsom@salon.com,Female,08/15/1999
88013947,Melissa,Spencer,Connell School of Nursing,2018,mspenceron@yellowbook.com,Female,08/24/2000
52056747,Teresa,Chapman,Morrissey College of Arts & Sciences,2019,tchapmanoo@noaa.gov,Female,03/03/1991
54608009,Jonathan,Jordan,School of Social Work,2020,jjordanop@cnn.com,Male,05/07/1998
02869397,Brenda,Stephens,Connell School of Nursing,2016,bstephensoq@diigo.com,Female,03/12/1994
17863434,Ruth,Hicks,School of Theology & Ministry,2017,rhicksor@goo.gl,Female,01/06/1999
23067997,Denise,Mendoza,School of Theology & Ministry,2018,dmendozaos@umn.edu,Female,06/21/2007
80472354,Chris,Evans,Woods College of Advancing Studies,2019,cevansot@1688.com,Male,08/30/1995
79042121,Carl,Peterson,Morrissey College of Arts & Sciences,2020,cpetersonou@google.ru,Male,02/25/1992
43276923,Willie,Martin,School of Social Work,2016,wmartinov@home.pl,Male,03/12/1996
20349099,Tammy,Rodriguez,School of Social Work,2017,trodriguezow@businesswire.com,Female,11/21/2013
59800601,Helen,Brown,School of Theology & Ministry,2018,hbrownox@yahoo.co.jp,Female,06/13/2013
71021666,Michael,Carr,Carroll School of Management,2019,mcarroy@shinystat.com,Male,11/12/1997
82233599,Pamela,Holmes,Morrissey College of Arts & Sciences,2020,pholmesoz@mashable.com,Female,09/17/2008
27274915,Gary,Little,Connell School of Nursing,2016,glittlep0@fema.gov,Male,03/18/2001
32255580,Antonio,Lewis,School of Theology & Ministry,2017,alewisp1@yahoo.co.jp,Male,08/18/2007
12961932,James,Barnes,Carroll School of Management,2018,jbarnesp2@comsenz.com,Male,07/02/2004
63478880,Rachel,Alexander,Lynch School of Education,2019,ralexanderp3@nasa.gov,Female,09/24/1999
68801935,Norma,Davis,School of Theology & Ministry,2020,ndavisp4@yale.edu,Female,01/13/2006
67154128,Mark,Anderson,Law School,2016,mandersonp5@edublogs.org,Male,10/18/1992
34945134,Eugene,Bowman,Woods College of Advancing Studies,2017,ebowmanp6@lycos.com,Male,10/04/1995
11933061,Gary,Ray,Connell School of Nursing,2018,grayp7@icq.com,Male,05/27/2008
43905520,Jacqueline,Green,Carroll School of Management,2019,jgreenp8@arstechnica.com,Female,03/23/2015
21026572,Angela,Myers,School of Social Work,2020,amyersp9@howstuffworks.com,Female,07/31/2002
83645038,Jacqueline,Henderson,Connell School of Nursing,2016,jhendersonpa@usgs.gov,Female,10/29/2013
99263488,Joshua,Harris,Morrissey College of Arts & Sciences,2017,jharrispb@cbslocal.com,Male,05/16/2002
58902023,Susan,Romero,Law School,2018,sromeropc@apache.org,Female,11/26/1998
31940745,Betty,Turner,Morrissey College of Arts & Sciences,2019,bturnerpd@mysql.com,Female,02/10/2015
63864162,Cheryl,Snyder,Lynch School of Education,2020,csnyderpe@51.la,Female,03/10/1996
72450425,Ann,Graham,Woods College of Advancing Studies,2016,agrahampf@biglobe.ne.jp,Female,10/18/1995
78951263,Angela,Rice,Carroll School of Management,2017,aricepg@google.fr,Female,10/11/1990
75840092,Elizabeth,Carr,Carroll School of Management,2018,ecarrph@seattletimes.com,Female,12/26/1995
09810394,Teresa,Cunningham,School of Theology & Ministry,2019,tcunninghampi@bloglines.com,Female,12/09/2006
94317706,Louise,Perkins,Carroll School of Management,2020,lperkinspj@sciencedaily.com,Female,09/23/2006
51973591,Judith,Murphy,Lynch School of Education,2016,jmurphypk@nature.com,Female,07/15/2014
68075668,Ann,Butler,Woods College of Advancing Studies,2017,abutlerpl@wired.com,Female,07/06/1993
45178394,Chris,Arnold,Connell School of Nursing,2018,carnoldpm@addthis.com,Male,05/18/1999
52565929,Billy,Jenkins,School of Social Work,2019,bjenkinspn@economist.com,Male,05/13/1996
67369167,Marie,Johnson,Carroll School of Management,2020,mjohnsonpo@accuweather.com,Female,05/17/2011
07046328,Phyllis,Armstrong,Law School,2016,parmstrongpp@amazon.com,Female,06/29/1999
65181696,Walter,Stevens,School of Theology & Ministry,2017,wstevenspq@webs.com,Male,07/27/2003
83150243,Philip,Lopez,Law School,2018,plopezpr@buzzfeed.com,Male,08/22/2011
48450007,Donna,Butler,Lynch School of Education,2019,dbutlerps@eventbrite.com,Female,08/06/2009
98538618,Dorothy,Dean,Carroll School of Management,2020,ddeanpt@nytimes.com,Female,09/16/2014
70188665,Brenda,Reyes,School of Social Work,2016,breyespu@biglobe.ne.jp,Female,11/04/1995
11159368,Melissa,Stevens,Woods College of Advancing Studies,2017,mstevenspv@harvard.edu,Female,12/08/2013
10426682,Nancy,Williams,Connell School of Nursing,2018,nwilliamspw@shareasale.com,Female,03/15/2000
61852780,Howard,Carroll,Lynch School of Education,2019,hcarrollpx@delicious.com,Male,10/05/2007
87289753,Benjamin,Black,Law School,2020,bblackpy@icq.com,Male,11/23/1990
91742808,Carl,Ruiz,Law School,2016,cruizpz@mayoclinic.com,Male,10/28/2003
86342376,Aaron,Castillo,Carroll School of Management,2017,acastilloq0@simplemachines.org,Male,02/07/2012
09289760,Randy,Alexander,Connell School of Nursing,2018,ralexanderq1@state.gov,Male,07/03/1995
01577732,Bobby,Pierce,School of Theology & Ministry,2019,bpierceq2@state.tx.us,Male,01/02/1998
78992947,Joe,Wallace,Connell School of Nursing,2020,jwallaceq3@sciencedaily.com,Male,11/14/1998
48364895,Mildred,Simmons,Law School,2016,msimmonsq4@newyorker.com,Female,07/26/2015
52854842,Stephanie,Johnston,Law School,2017,sjohnstonq5@nasa.gov,Female,05/17/1996
37208513,Patrick,Edwards,School of Theology & Ministry,2018,pedwardsq6@google.com.au,Male,02/18/1993
61150309,Joseph,Hayes,Law School,2019,jhayesq7@naver.com,Male,01/26/1996
27568439,Doris,Morgan,Lynch School of Education,2020,dmorganq8@techcrunch.com,Female,04/08/1994
76025829,Jean,Fox,Law School,2016,jfoxq9@tinyurl.com,Female,06/20/1999
78324234,Jeffrey,Reid,Law School,2017,jreidqa@apache.org,Male,10/22/2006
22168083,Amanda,Thomas,Morrissey College of Arts & Sciences,2018,athomasqb@smugmug.com,Female,09/07/2014
04395622,Sarah,Young,School of Theology & Ministry,2019,syoungqc@icq.com,Female,07/22/1991
27772332,Janet,Freeman,Law School,2020,jfreemanqd@unc.edu,Female,11/12/2002
12847669,Carlos,Ray,Carroll School of Management,2016,crayqe@webnode.com,Male,12/14/2010
82875886,Irene,Edwards,Lynch School of Education,2017,iedwardsqf@geocities.jp,Female,09/20/1990
39774377,Donna,Collins,Lynch School of Education,2018,dcollinsqg@google.com.hk,Female,09/04/2004
41884592,Margaret,Lee,Lynch School of Education,2019,mleeqh@flickr.com,Female,02/14/2015
39932472,Benjamin,Mccoy,Carroll School of Management,2020,bmccoyqi@godaddy.com,Male,04/24/1992
44058823,John,Long,Woods College of Advancing Studies,2016,jlongqj@squidoo.com,Male,05/17/1991
58539567,Virginia,Berry,Morrissey College of Arts & Sciences,2017,vberryqk@soup.io,Female,09/20/2002
30261832,Arthur,Torres,Law School,2018,atorresql@sciencedirect.com,Male,08/24/1992
93212860,Tammy,Taylor,Morrissey College of Arts & Sciences,2019,ttaylorqm@nationalgeographic.com,Female,10/15/1997
86667611,Ernest,Roberts,Lynch School of Education,2020,erobertsqn@nydailynews.com,Male,09/28/1993
25287647,Ralph,Wood,Woods College of Advancing Studies,2016,rwoodqo@yale.edu,Male,11/01/2004
70456998,Susan,Hughes,School of Theology & Ministry,2017,shughesqp@a8.net,Female,06/09/2004
03583345,Rachel,Richardson,Law School,2018,rrichardsonqq@usatoday.com,Female,10/06/2014
08730341,Jonathan,Hayes,School of Social Work,2019,jhayesqr@sogou.com,Male,08/12/1992
20227607,Anthony,Alexander,Lynch School of Education,2020,aalexanderqs@utexas.edu,Male,01/18/2002
08167867,Marilyn,Ryan,Connell School of Nursing,2016,mryanqt@fda.gov,Female,08/08/2002
16708246,Kelly,Reed,School of Social Work,2017,kreedqu@instagram.com,Female,06/07/2003
08980777,Gary,Flores,School of Social Work,2018,gfloresqv@hugedomains.com,Male,04/11/2008
08194767,Terry,Chavez,School of Social Work,2019,tchavezqw@cam.ac.uk,Male,04/08/2007
49137474,Jacqueline,Webb,Connell School of Nursing,2020,jwebbqx@sbwire.com,Female,08/01/2000
83245044,Wayne,Price,Law School,2016,wpriceqy@arstechnica.com,Male,10/27/1992
31300946,Jason,Ferguson,Carroll School of Management,2017,jfergusonqz@freewebs.com,Male,05/04/1990
42779350,Gary,Matthews,School of Social Work,2018,gmatthewsr0@sfgate.com,Male,06/29/2001
17984419,Jesse,Ramirez,Woods College of Advancing Studies,2019,jramirezr1@ted.com,Male,03/29/1998
50277452,James,Kim,Lynch School of Education,2020,jkimr2@furl.net,Male,10/12/2005
36565331,Joseph,Henry,Carroll School of Management,2016,jhenryr3@pbs.org,Male,04/19/1994
41446695,Wayne,Gilbert,School of Social Work,2017,wgilbertr4@163.com,Male,09/07/2006
75109068,Dorothy,Stewart,School of Social Work,2018,dstewartr5@dyndns.org,Female,10/16/1990
55102095,Karen,Grant,Law School,2019,kgrantr6@goo.gl,Female,04/11/2014
35914587,Alice,Jackson,Connell School of Nursing,2020,ajacksonr7@pcworld.com,Female,06/24/2005
61317666,Frances,Bennett,Connell School of Nursing,2016,fbennettr8@geocities.jp,Female,04/05/1997
73568560,Kimberly,Sims,Carroll School of Management,2017,ksimsr9@weebly.com,Female,05/06/1993
92188645,Mark,Chavez,Morrissey College of Arts & Sciences,2018,mchavezra@indiatimes.com,Male,11/17/2011
33243205,Jerry,Rodriguez,Lynch School of Education,2019,jrodriguezrb@yahoo.co.jp,Male,08/12/2004
40235501,Susan,Harper,Carroll School of Management,2020,sharperrc@geocities.com,Female,05/09/2004
17507434,Martin,Jordan,Morrissey College of Arts & Sciences,2016,mjordanrd@unblog.fr,Male,06/07/2002
54424554,Bobby,Stephens,Lynch School of Education,2017,bstephensre@weather.com,Male,01/18/2014
89445875,Kathy,Kelley,Woods College of Advancing Studies,2018,kkelleyrf@ed.gov,Female,06/23/2009
55392698,Lois,Green,Law School,2019,lgreenrg@de.vu,Female,12/08/1999
49892626,Justin,Bradley,Lynch School of Education,2020,jbradleyrh@g.co,Male,05/05/2015
50423667,Karen,Romero,Law School,2016,kromerori@sina.com.cn,Female,12/06/2000
22829131,Christine,Jackson,Law School,2017,cjacksonrj@thetimes.co.uk,Female,01/12/2000
39408475,Rose,Medina,Carroll School of Management,2018,rmedinark@booking.com,Female,06/19/1994
02576348,Robin,Shaw,Carroll School of Management,2019,rshawrl@over-blog.com,Female,06/14/1998
37163921,Raymond,Fields,Carroll School of Management,2020,rfieldsrm@nydailynews.com,Male,09/09/1991
81811523,Katherine,Powell,Woods College of Advancing Studies,2016,kpowellrn@tripadvisor.com,Female,10/07/2001
73992564,Cheryl,Richardson,Lynch School of Education,2017,crichardsonro@gov.uk,Female,09/10/2015
09738645,Paul,Palmer,Connell School of Nursing,2018,ppalmerrp@amazon.de,Male,06/22/2004
01740377,Bonnie,Kelley,Woods College of Advancing Studies,2019,bkelleyrq@tinypic.com,Female,10/10/1998
13588965,Jacqueline,Jackson,Connell School of Nursing,2020,jjacksonrr@com.com,Female,02/16/2012
